design,epoch,train_loss,train_acc,val_acc,test_acc
"[['C(U3)', [0, 3]], ['C(U3)', [2, 3]], ['C(U3)', [2, 3]], ['U3', [0]], ['U3', [1]], ['C(U3)', [1, 0]], ['C(U3)', [1, 3]], ['C(U3)', [2, 3]], ['C(U3)', [1, 2]], ['C(U3)', [0, 1]], ['C(U3)', [2, 3]], ['C(U3)', [3, 0]], ['C(U3)', [1, 3]], ['C(U3)', [3, 1]], ['U3', [3]], ['C(U3)', [2, 0]], ['U3', [2]], ['U3', [3]], ['U3', [2]], ['C(U3)', [0, 2]], ['U3', [2]], ['U3', [0]], ['U3', [0]], ['C(U3)', [0, 3]], ['C(U3)', [3, 1]], ['U3', [1]], ['C(U3)', [1, 3]]]",0,1.041426196694374,0.6784317060724613,0.7011308562197092,0.6713976425306711
"[['C(U3)', [0, 3]], ['C(U3)', [2, 3]], ['C(U3)', [2, 3]], ['U3', [0]], ['U3', [1]], ['C(U3)', [1, 0]], ['C(U3)', [1, 3]], ['C(U3)', [2, 3]], ['C(U3)', [1, 2]], ['C(U3)', [0, 1]], ['C(U3)', [2, 3]], ['C(U3)', [3, 0]], ['C(U3)', [1, 3]], ['C(U3)', [3, 1]], ['U3', [3]], ['C(U3)', [2, 0]], ['U3', [2]], ['U3', [3]], ['U3', [2]], ['C(U3)', [0, 2]], ['U3', [2]], ['U3', [0]], ['U3', [0]], ['C(U3)', [0, 3]], ['C(U3)', [3, 1]], ['U3', [1]], ['C(U3)', [1, 3]]]",1,0.995833360630533,0.7091767307365198,0.722940226171244,0.7017079624729372
"[['C(U3)', [0, 3]], ['C(U3)', [2, 3]], ['C(U3)', [2, 3]], ['U3', [0]], ['U3', [1]], ['C(U3)', [1, 0]], ['C(U3)', [1, 3]], ['C(U3)', [2, 3]], ['C(U3)', [1, 2]], ['C(U3)', [0, 1]], ['C(U3)', [2, 3]], ['C(U3)', [3, 0]], ['C(U3)', [1, 3]], ['C(U3)', [3, 1]], ['U3', [3]], ['C(U3)', [2, 0]], ['U3', [2]], ['U3', [3]], ['U3', [2]], ['C(U3)', [0, 2]], ['U3', [2]], ['U3', [0]], ['U3', [0]], ['C(U3)', [0, 3]], ['C(U3)', [3, 1]], ['U3', [1]], ['C(U3)', [1, 3]]]",2,0.9852184944826624,0.7137693485286614,0.7253634894991923,0.7082030310319942
"[['C(U3)', [0, 3]], ['C(U3)', [2, 3]], ['C(U3)', [2, 3]], ['U3', [0]], ['U3', [1]], ['C(U3)', [1, 0]], ['C(U3)', [1, 3]], ['C(U3)', [2, 3]], ['C(U3)', [1, 2]], ['C(U3)', [0, 1]], ['C(U3)', [2, 3]], ['C(U3)', [3, 0]], ['C(U3)', [1, 3]], ['C(U3)', [3, 1]], ['U3', [3]], ['C(U3)', [2, 0]], ['U3', [2]], ['U3', [3]], ['U3', [2]], ['C(U3)', [0, 2]], ['U3', [2]], ['U3', [0]], ['U3', [0]], ['C(U3)', [0, 3]], ['C(U3)', [3, 1]], ['U3', [1]], ['C(U3)', [1, 3]]]",3,0.9811454538417899,0.7231246810682089,0.7382875605815832,0.7240798652874669
"[['C(U3)', [0, 3]], ['C(U3)', [2, 3]], ['C(U3)', [2, 3]], ['U3', [0]], ['U3', [1]], ['C(U3)', [1, 0]], ['C(U3)', [1, 3]], ['C(U3)', [2, 3]], ['C(U3)', [1, 2]], ['C(U3)', [0, 1]], ['C(U3)', [2, 3]], ['C(U3)', [3, 0]], ['C(U3)', [1, 3]], ['C(U3)', [3, 1]], ['U3', [3]], ['C(U3)', [2, 0]], ['U3', [2]], ['U3', [3]], ['U3', [2]], ['C(U3)', [0, 2]], ['U3', [2]], ['U3', [0]], ['U3', [0]], ['C(U3)', [0, 3]], ['C(U3)', [3, 1]], ['U3', [1]], ['C(U3)', [1, 3]]]",4,0.9765420458886934,0.7228695356353121,0.7318255250403877,0.7183064710127496
"[['C(U3)', [0, 3]], ['C(U3)', [2, 3]], ['C(U3)', [2, 3]], ['U3', [0]], ['U3', [1]], ['C(U3)', [1, 0]], ['C(U3)', [1, 3]], ['C(U3)', [2, 3]], ['C(U3)', [1, 2]], ['C(U3)', [0, 1]], ['C(U3)', [2, 3]], ['C(U3)', [3, 0]], ['C(U3)', [1, 3]], ['C(U3)', [3, 1]], ['U3', [3]], ['C(U3)', [2, 0]], ['U3', [2]], ['U3', [3]], ['U3', [2]], ['C(U3)', [0, 2]], ['U3', [2]], ['U3', [0]], ['U3', [0]], ['C(U3)', [0, 3]], ['C(U3)', [3, 1]], ['U3', [1]], ['C(U3)', [1, 3]]]",5,0.9710726673188417,0.72486817485967,0.7294022617124394,0.7216742843396681
"[['C(U3)', [0, 3]], ['C(U3)', [2, 3]], ['C(U3)', [2, 3]], ['U3', [0]], ['U3', [1]], ['C(U3)', [1, 0]], ['C(U3)', [1, 3]], ['C(U3)', [2, 3]], ['C(U3)', [1, 2]], ['C(U3)', [0, 1]], ['C(U3)', [2, 3]], ['C(U3)', [3, 0]], ['C(U3)', [1, 3]], ['C(U3)', [3, 1]], ['U3', [3]], ['C(U3)', [2, 0]], ['U3', [2]], ['U3', [3]], ['U3', [2]], ['C(U3)', [0, 2]], ['U3', [2]], ['U3', [0]], ['U3', [0]], ['C(U3)', [0, 3]], ['C(U3)', [3, 1]], ['U3', [1]], ['C(U3)', [1, 3]]]",6,0.9641275716864545,0.7337557407722402,0.7479806138933764,0.7320182824152033
"[['C(U3)', [0, 3]], ['C(U3)', [2, 3]], ['C(U3)', [2, 3]], ['U3', [0]], ['U3', [1]], ['C(U3)', [1, 0]], ['C(U3)', [1, 3]], ['C(U3)', [2, 3]], ['C(U3)', [1, 2]], ['C(U3)', [0, 1]], ['C(U3)', [2, 3]], ['C(U3)', [3, 0]], ['C(U3)', [1, 3]], ['C(U3)', [3, 1]], ['U3', [3]], ['C(U3)', [2, 0]], ['U3', [2]], ['U3', [3]], ['U3', [2]], ['C(U3)', [0, 2]], ['U3', [2]], ['U3', [0]], ['U3', [0]], ['C(U3)', [0, 3]], ['C(U3)', [3, 1]], ['U3', [1]], ['C(U3)', [1, 3]]]",7,0.9605159344880477,0.7418778703861201,0.7504038772213247,0.7423622804907385
"[['C(U3)', [0, 3]], ['C(U3)', [2, 3]], ['C(U3)', [2, 3]], ['U3', [0]], ['U3', [1]], ['C(U3)', [1, 0]], ['C(U3)', [1, 3]], ['C(U3)', [2, 3]], ['C(U3)', [1, 2]], ['C(U3)', [0, 1]], ['C(U3)', [2, 3]], ['C(U3)', [3, 0]], ['C(U3)', [1, 3]], ['C(U3)', [3, 1]], ['U3', [3]], ['C(U3)', [2, 0]], ['U3', [2]], ['U3', [3]], ['U3', [2]], ['C(U3)', [0, 2]], ['U3', [2]], ['U3', [0]], ['U3', [0]], ['C(U3)', [0, 3]], ['C(U3)', [3, 1]], ['U3', [1]], ['C(U3)', [1, 3]]]",8,0.9593626928070317,0.7437064126552134,0.7479806138933764,0.7426028385855185
"[['C(U3)', [0, 3]], ['C(U3)', [2, 3]], ['C(U3)', [2, 3]], ['U3', [0]], ['U3', [1]], ['C(U3)', [1, 0]], ['C(U3)', [1, 3]], ['C(U3)', [2, 3]], ['C(U3)', [1, 2]], ['C(U3)', [0, 1]], ['C(U3)', [2, 3]], ['C(U3)', [3, 0]], ['C(U3)', [1, 3]], ['C(U3)', [3, 1]], ['U3', [3]], ['C(U3)', [2, 0]], ['U3', [2]], ['U3', [3]], ['U3', [2]], ['C(U3)', [0, 2]], ['U3', [2]], ['U3', [0]], ['U3', [0]], ['C(U3)', [0, 3]], ['C(U3)', [3, 1]], ['U3', [1]], ['C(U3)', [1, 3]]]",9,0.9590472008870996,0.7461728185065487,0.7544426494345718,0.7452489776280972
"[['C(U3)', [0, 3]], ['C(U3)', [2, 3]], ['C(U3)', [2, 3]], ['U3', [0]], ['U3', [1]], ['C(U3)', [1, 0]], ['C(U3)', [1, 3]], ['C(U3)', [2, 3]], ['C(U3)', [1, 2]], ['C(U3)', [0, 1]], ['C(U3)', [2, 3]], ['C(U3)', [3, 0]], ['C(U3)', [1, 3]], ['C(U3)', [3, 1]], ['U3', [3]], ['C(U3)', [2, 0]], ['U3', [2]], ['U3', [3]], ['U3', [2]], ['C(U3)', [0, 2]], ['U3', [2]], ['U3', [0]], ['U3', [0]], ['C(U3)', [0, 3]], ['C(U3)', [3, 1]], ['U3', [1]], ['C(U3)', [1, 3]]]",10,0.9595918072306592,0.7296734138458921,0.7358642972536349,0.7274476786143854
"[['C(U3)', [0, 3]], ['C(U3)', [2, 3]], ['C(U3)', [2, 3]], ['U3', [0]], ['U3', [1]], ['C(U3)', [1, 0]], ['C(U3)', [1, 3]], ['C(U3)', [2, 3]], ['C(U3)', [1, 2]], ['C(U3)', [0, 1]], ['C(U3)', [2, 3]], ['C(U3)', [3, 0]], ['C(U3)', [1, 3]], ['C(U3)', [3, 1]], ['U3', [3]], ['C(U3)', [2, 0]], ['U3', [2]], ['U3', [3]], ['U3', [2]], ['C(U3)', [0, 2]], ['U3', [2]], ['U3', [0]], ['U3', [0]], ['C(U3)', [0, 3]], ['C(U3)', [3, 1]], ['U3', [1]], ['C(U3)', [1, 3]]]",11,0.9571071318958116,0.7415376764755911,0.7487883683360258,0.7416406062063988
"[['C(U3)', [0, 3]], ['C(U3)', [2, 3]], ['C(U3)', [2, 3]], ['U3', [0]], ['U3', [1]], ['C(U3)', [1, 0]], ['C(U3)', [1, 3]], ['C(U3)', [2, 3]], ['C(U3)', [1, 2]], ['C(U3)', [0, 1]], ['C(U3)', [2, 3]], ['C(U3)', [3, 0]], ['C(U3)', [1, 3]], ['C(U3)', [3, 1]], ['U3', [3]], ['C(U3)', [2, 0]], ['U3', [2]], ['U3', [3]], ['U3', [2]], ['C(U3)', [0, 2]], ['U3', [2]], ['U3', [0]], ['U3', [0]], ['C(U3)', [0, 3]], ['C(U3)', [3, 1]], ['U3', [1]], ['C(U3)', [1, 3]]]",12,0.9563593605290288,0.7444293247150876,0.747172859450727,0.7474140004811162
"[['C(U3)', [0, 3]], ['C(U3)', [2, 3]], ['C(U3)', [2, 3]], ['U3', [0]], ['U3', [1]], ['C(U3)', [1, 0]], ['C(U3)', [1, 3]], ['C(U3)', [2, 3]], ['C(U3)', [1, 2]], ['C(U3)', [0, 1]], ['C(U3)', [2, 3]], ['C(U3)', [3, 0]], ['C(U3)', [1, 3]], ['C(U3)', [3, 1]], ['U3', [3]], ['C(U3)', [2, 0]], ['U3', [2]], ['U3', [3]], ['U3', [2]], ['C(U3)', [0, 2]], ['U3', [2]], ['U3', [0]], ['U3', [0]], ['C(U3)', [0, 3]], ['C(U3)', [3, 1]], ['U3', [1]], ['C(U3)', [1, 3]]]",13,0.955698074206062,0.7481714577309067,0.7512116316639742,0.7488573490497955
"[['C(U3)', [0, 3]], ['C(U3)', [2, 3]], ['C(U3)', [2, 3]], ['U3', [0]], ['U3', [1]], ['C(U3)', [1, 0]], ['C(U3)', [1, 3]], ['C(U3)', [2, 3]], ['C(U3)', [1, 2]], ['C(U3)', [0, 1]], ['C(U3)', [2, 3]], ['C(U3)', [3, 0]], ['C(U3)', [1, 3]], ['C(U3)', [3, 1]], ['U3', [3]], ['C(U3)', [2, 0]], ['U3', [2]], ['U3', [3]], ['U3', [2]], ['C(U3)', [0, 2]], ['U3', [2]], ['U3', [0]], ['U3', [0]], ['C(U3)', [0, 3]], ['C(U3)', [3, 1]], ['U3', [1]], ['C(U3)', [1, 3]]]",14,0.9562243858109349,0.7406446674604524,0.7504038772213247,0.7442867452489776
"[['U3', [0]], ['U3', [3]], ['C(U3)', [3, 0]], ['U3', [0]], ['C(U3)', [3, 2]], ['C(U3)', [3, 0]], ['C(U3)', [1, 2]], ['U3', [0]], ['C(U3)', [2, 3]], ['U3', [1]], ['C(U3)', [1, 3]], ['C(U3)', [1, 3]], ['U3', [2]], ['C(U3)', [0, 1]], ['C(U3)', [0, 1]], ['U3', [1]], ['C(U3)', [0, 3]], ['C(U3)', [3, 2]], ['C(U3)', [1, 2]], ['U3', [1]], ['U3', [0]], ['U3', [3]], ['C(U3)', [0, 3]], ['U3', [3]], ['C(U3)', [3, 2]]]",0,1.079132747390996,0.719765266201735,0.7189014539579968,0.7248015395718066
"[['U3', [0]], ['U3', [3]], ['C(U3)', [3, 0]], ['U3', [0]], ['C(U3)', [3, 2]], ['C(U3)', [3, 0]], ['C(U3)', [1, 2]], ['U3', [0]], ['C(U3)', [2, 3]], ['U3', [1]], ['C(U3)', [1, 3]], ['C(U3)', [1, 3]], ['U3', [2]], ['C(U3)', [0, 1]], ['C(U3)', [0, 1]], ['U3', [1]], ['C(U3)', [0, 3]], ['C(U3)', [3, 2]], ['C(U3)', [1, 2]], ['U3', [1]], ['U3', [0]], ['U3', [3]], ['C(U3)', [0, 3]], ['U3', [3]], ['C(U3)', [3, 2]]]",1,1.0466778161733046,0.7329052559959177,0.7447495961227787,0.7353860957421218
"[['U3', [0]], ['U3', [3]], ['C(U3)', [3, 0]], ['U3', [0]], ['C(U3)', [3, 2]], ['C(U3)', [3, 0]], ['C(U3)', [1, 2]], ['U3', [0]], ['C(U3)', [2, 3]], ['U3', [1]], ['C(U3)', [1, 3]], ['C(U3)', [1, 3]], ['U3', [2]], ['C(U3)', [0, 1]], ['C(U3)', [0, 1]], ['U3', [1]], ['C(U3)', [0, 3]], ['C(U3)', [3, 2]], ['C(U3)', [1, 2]], ['U3', [1]], ['U3', [0]], ['U3', [3]], ['C(U3)', [0, 3]], ['U3', [3]], ['C(U3)', [3, 2]]]",2,1.024044069259063,0.7285252593978567,0.7447495961227787,0.7281693528987251
"[['U3', [0]], ['U3', [3]], ['C(U3)', [3, 0]], ['U3', [0]], ['C(U3)', [3, 2]], ['C(U3)', [3, 0]], ['C(U3)', [1, 2]], ['U3', [0]], ['C(U3)', [2, 3]], ['U3', [1]], ['C(U3)', [1, 3]], ['C(U3)', [1, 3]], ['U3', [2]], ['C(U3)', [0, 1]], ['C(U3)', [0, 1]], ['U3', [1]], ['C(U3)', [0, 3]], ['C(U3)', [3, 2]], ['C(U3)', [1, 2]], ['U3', [1]], ['U3', [0]], ['U3', [3]], ['C(U3)', [0, 3]], ['U3', [3]], ['C(U3)', [3, 2]]]",3,0.9973932971125063,0.739496513012417,0.7495961227786753,0.7409189319220592
"[['U3', [0]], ['U3', [3]], ['C(U3)', [3, 0]], ['U3', [0]], ['C(U3)', [3, 2]], ['C(U3)', [3, 0]], ['C(U3)', [1, 2]], ['U3', [0]], ['C(U3)', [2, 3]], ['U3', [1]], ['C(U3)', [1, 3]], ['C(U3)', [1, 3]], ['U3', [2]], ['C(U3)', [0, 1]], ['C(U3)', [0, 1]], ['U3', [1]], ['C(U3)', [0, 3]], ['C(U3)', [3, 2]], ['C(U3)', [1, 2]], ['U3', [1]], ['U3', [0]], ['U3', [3]], ['C(U3)', [0, 3]], ['U3', [3]], ['C(U3)', [3, 2]]]",4,0.9904952288969703,0.7500850484776322,0.7584814216478191,0.7579985566514313
"[['U3', [0]], ['U3', [3]], ['C(U3)', [3, 0]], ['U3', [0]], ['C(U3)', [3, 2]], ['C(U3)', [3, 0]], ['C(U3)', [1, 2]], ['U3', [0]], ['C(U3)', [2, 3]], ['U3', [1]], ['C(U3)', [1, 3]], ['C(U3)', [1, 3]], ['U3', [2]], ['C(U3)', [0, 1]], ['C(U3)', [0, 1]], ['U3', [1]], ['C(U3)', [0, 3]], ['C(U3)', [3, 2]], ['C(U3)', [1, 2]], ['U3', [1]], ['U3', [0]], ['U3', [3]], ['C(U3)', [0, 3]], ['U3', [3]], ['C(U3)', [3, 2]]]",5,0.9884070864190226,0.7593553325395476,0.7633279483037156,0.7649747414000481
"[['U3', [0]], ['U3', [3]], ['C(U3)', [3, 0]], ['U3', [0]], ['C(U3)', [3, 2]], ['C(U3)', [3, 0]], ['C(U3)', [1, 2]], ['U3', [0]], ['C(U3)', [2, 3]], ['U3', [1]], ['C(U3)', [1, 3]], ['C(U3)', [1, 3]], ['U3', [2]], ['C(U3)', [0, 1]], ['C(U3)', [0, 1]], ['U3', [1]], ['C(U3)', [0, 3]], ['C(U3)', [3, 2]], ['C(U3)', [1, 2]], ['U3', [1]], ['U3', [0]], ['U3', [3]], ['C(U3)', [0, 3]], ['U3', [3]], ['C(U3)', [3, 2]]]",6,0.9861251083405121,0.7514458241197483,0.7657512116316639,0.7589607890305509
"[['U3', [0]], ['U3', [3]], ['C(U3)', [3, 0]], ['U3', [0]], ['C(U3)', [3, 2]], ['C(U3)', [3, 0]], ['C(U3)', [1, 2]], ['U3', [0]], ['C(U3)', [2, 3]], ['U3', [1]], ['C(U3)', [1, 3]], ['C(U3)', [1, 3]], ['U3', [2]], ['C(U3)', [0, 1]], ['C(U3)', [0, 1]], ['U3', [1]], ['C(U3)', [0, 3]], ['C(U3)', [3, 2]], ['C(U3)', [1, 2]], ['U3', [1]], ['U3', [0]], ['U3', [3]], ['C(U3)', [0, 3]], ['U3', [3]], ['C(U3)', [3, 2]]]",7,0.9841075014808903,0.7591001871066508,0.7673667205169629,0.7640125090209285
"[['U3', [0]], ['U3', [3]], ['C(U3)', [3, 0]], ['U3', [0]], ['C(U3)', [3, 2]], ['C(U3)', [3, 0]], ['C(U3)', [1, 2]], ['U3', [0]], ['C(U3)', [2, 3]], ['U3', [1]], ['C(U3)', [1, 3]], ['C(U3)', [1, 3]], ['U3', [2]], ['C(U3)', [0, 1]], ['C(U3)', [0, 1]], ['U3', [1]], ['C(U3)', [0, 3]], ['C(U3)', [3, 2]], ['C(U3)', [1, 2]], ['U3', [1]], ['U3', [0]], ['U3', [3]], ['C(U3)', [0, 3]], ['U3', [3]], ['C(U3)', [3, 2]]]",8,0.980856403708458,0.7475761183874808,0.7552504038772213,0.7515034880923743
"[['U3', [0]], ['U3', [3]], ['C(U3)', [3, 0]], ['U3', [0]], ['C(U3)', [3, 2]], ['C(U3)', [3, 0]], ['C(U3)', [1, 2]], ['U3', [0]], ['C(U3)', [2, 3]], ['U3', [1]], ['C(U3)', [1, 3]], ['C(U3)', [1, 3]], ['U3', [2]], ['C(U3)', [0, 1]], ['C(U3)', [0, 1]], ['U3', [1]], ['C(U3)', [0, 3]], ['C(U3)', [3, 2]], ['C(U3)', [1, 2]], ['U3', [1]], ['U3', [0]], ['U3', [3]], ['C(U3)', [0, 3]], ['U3', [3]], ['C(U3)', [3, 2]]]",9,0.9786197964263998,0.7517434937914611,0.7641357027463651,0.7570363242723117
"[['U3', [0]], ['U3', [3]], ['C(U3)', [3, 0]], ['U3', [0]], ['C(U3)', [3, 2]], ['C(U3)', [3, 0]], ['C(U3)', [1, 2]], ['U3', [0]], ['C(U3)', [2, 3]], ['U3', [1]], ['C(U3)', [1, 3]], ['C(U3)', [1, 3]], ['U3', [2]], ['C(U3)', [0, 1]], ['C(U3)', [0, 1]], ['U3', [1]], ['C(U3)', [0, 3]], ['C(U3)', [3, 2]], ['C(U3)', [1, 2]], ['U3', [1]], ['U3', [0]], ['U3', [3]], ['C(U3)', [0, 3]], ['U3', [3]], ['C(U3)', [3, 2]]]",10,0.9766495143589766,0.7370301071610819,0.7447495961227787,0.7438056290594178
"[['U3', [0]], ['U3', [3]], ['C(U3)', [3, 0]], ['U3', [0]], ['C(U3)', [3, 2]], ['C(U3)', [3, 0]], ['C(U3)', [1, 2]], ['U3', [0]], ['C(U3)', [2, 3]], ['U3', [1]], ['C(U3)', [1, 3]], ['C(U3)', [1, 3]], ['U3', [2]], ['C(U3)', [0, 1]], ['C(U3)', [0, 1]], ['U3', [1]], ['C(U3)', [0, 3]], ['C(U3)', [3, 2]], ['C(U3)', [1, 2]], ['U3', [1]], ['U3', [0]], ['U3', [3]], ['C(U3)', [0, 3]], ['U3', [3]], ['C(U3)', [3, 2]]]",11,0.9758599620798359,0.7425582582071781,0.7657512116316639,0.747895116670676
"[['U3', [0]], ['U3', [3]], ['C(U3)', [3, 0]], ['U3', [0]], ['C(U3)', [3, 2]], ['C(U3)', [3, 0]], ['C(U3)', [1, 2]], ['U3', [0]], ['C(U3)', [2, 3]], ['U3', [1]], ['C(U3)', [1, 3]], ['C(U3)', [1, 3]], ['U3', [2]], ['C(U3)', [0, 1]], ['C(U3)', [0, 1]], ['U3', [1]], ['C(U3)', [0, 3]], ['C(U3)', [3, 2]], ['C(U3)', [1, 2]], ['U3', [1]], ['U3', [0]], ['U3', [3]], ['C(U3)', [0, 3]], ['U3', [3]], ['C(U3)', [3, 2]]]",12,0.9722574359696844,0.7326501105630209,0.7447495961227787,0.7380322347847005
"[['U3', [0]], ['U3', [3]], ['C(U3)', [3, 0]], ['U3', [0]], ['C(U3)', [3, 2]], ['C(U3)', [3, 0]], ['C(U3)', [1, 2]], ['U3', [0]], ['C(U3)', [2, 3]], ['U3', [1]], ['C(U3)', [1, 3]], ['C(U3)', [1, 3]], ['U3', [2]], ['C(U3)', [0, 1]], ['C(U3)', [0, 1]], ['U3', [1]], ['C(U3)', [0, 3]], ['C(U3)', [3, 2]], ['C(U3)', [1, 2]], ['U3', [1]], ['U3', [0]], ['U3', [3]], ['C(U3)', [0, 3]], ['U3', [3]], ['C(U3)', [3, 2]]]",13,0.9703193183826364,0.732012246980779,0.7407108239095315,0.7344238633630021
"[['U3', [0]], ['U3', [3]], ['C(U3)', [3, 0]], ['U3', [0]], ['C(U3)', [3, 2]], ['C(U3)', [3, 0]], ['C(U3)', [1, 2]], ['U3', [0]], ['C(U3)', [2, 3]], ['U3', [1]], ['C(U3)', [1, 3]], ['C(U3)', [1, 3]], ['U3', [2]], ['C(U3)', [0, 1]], ['C(U3)', [0, 1]], ['U3', [1]], ['C(U3)', [0, 3]], ['C(U3)', [3, 2]], ['C(U3)', [1, 2]], ['U3', [1]], ['U3', [0]], ['U3', [3]], ['C(U3)', [0, 3]], ['U3', [3]], ['C(U3)', [3, 2]]]",14,0.9684319353621939,0.7390287463854397,0.7544426494345718,0.7442867452489776
"[['U3', [0]], ['U3', [0]], ['U3', [2]], ['U3', [0]], ['C(U3)', [0, 1]], ['U3', [1]], ['U3', [1]], ['U3', [2]], ['U3', [3]], ['U3', [0]], ['C(U3)', [3, 1]], ['U3', [3]], ['U3', [1]], ['C(U3)', [2, 3]], ['C(U3)', [2, 1]], ['U3', [0]], ['C(U3)', [1, 0]], ['C(U3)', [3, 1]], ['C(U3)', [1, 3]], ['C(U3)', [1, 3]], ['C(U3)', [1, 2]], ['C(U3)', [3, 2]], ['U3', [2]], ['U3', [2]], ['C(U3)', [1, 3]], ['U3', [1]], ['U3', [3]]]",0,1.0677242317925328,0.7201479843510801,0.7366720516962844,0.7235987490979071
"[['U3', [0]], ['U3', [0]], ['U3', [2]], ['U3', [0]], ['C(U3)', [0, 1]], ['U3', [1]], ['U3', [1]], ['U3', [2]], ['U3', [3]], ['U3', [0]], ['C(U3)', [3, 1]], ['U3', [3]], ['U3', [1]], ['C(U3)', [2, 3]], ['C(U3)', [2, 1]], ['U3', [0]], ['C(U3)', [1, 0]], ['C(U3)', [3, 1]], ['C(U3)', [1, 3]], ['C(U3)', [1, 3]], ['C(U3)', [1, 2]], ['C(U3)', [3, 2]], ['U3', [2]], ['U3', [2]], ['C(U3)', [1, 3]], ['U3', [1]], ['U3', [3]]]",1,1.025604636772819,0.7434087429835006,0.7447495961227787,0.7430839547750782
"[['U3', [0]], ['U3', [0]], ['U3', [2]], ['U3', [0]], ['C(U3)', [0, 1]], ['U3', [1]], ['U3', [1]], ['U3', [2]], ['U3', [3]], ['U3', [0]], ['C(U3)', [3, 1]], ['U3', [3]], ['U3', [1]], ['C(U3)', [2, 3]], ['C(U3)', [2, 1]], ['U3', [0]], ['C(U3)', [1, 0]], ['C(U3)', [3, 1]], ['C(U3)', [1, 3]], ['C(U3)', [1, 3]], ['C(U3)', [1, 2]], ['C(U3)', [3, 2]], ['U3', [2]], ['U3', [2]], ['C(U3)', [1, 3]], ['U3', [1]], ['U3', [3]]]",2,1.013828237419543,0.7531467936723932,0.7649434571890146,0.7507818138080347
"[['U3', [0]], ['U3', [0]], ['U3', [2]], ['U3', [0]], ['C(U3)', [0, 1]], ['U3', [1]], ['U3', [1]], ['U3', [2]], ['U3', [3]], ['U3', [0]], ['C(U3)', [3, 1]], ['U3', [3]], ['U3', [1]], ['C(U3)', [2, 3]], ['C(U3)', [2, 1]], ['U3', [0]], ['C(U3)', [1, 0]], ['C(U3)', [3, 1]], ['C(U3)', [1, 3]], ['C(U3)', [1, 3]], ['C(U3)', [1, 2]], ['C(U3)', [3, 2]], ['U3', [2]], ['U3', [2]], ['C(U3)', [1, 3]], ['U3', [1]], ['U3', [3]]]",3,0.9989876513895781,0.7549328117026706,0.77140549273021,0.7616069280731297
"[['U3', [0]], ['U3', [0]], ['U3', [2]], ['U3', [0]], ['C(U3)', [0, 1]], ['U3', [1]], ['U3', [1]], ['U3', [2]], ['U3', [3]], ['U3', [0]], ['C(U3)', [3, 1]], ['U3', [3]], ['U3', [1]], ['C(U3)', [2, 3]], ['C(U3)', [2, 1]], ['U3', [0]], ['C(U3)', [1, 0]], ['C(U3)', [3, 1]], ['C(U3)', [1, 3]], ['C(U3)', [1, 3]], ['C(U3)', [1, 2]], ['C(U3)', [3, 2]], ['U3', [2]], ['U3', [2]], ['C(U3)', [1, 3]], ['U3', [1]], ['U3', [3]]]",4,0.9896696300610252,0.7485541758802517,0.7649434571890146,0.7539090690401732
"[['U3', [0]], ['U3', [0]], ['U3', [2]], ['U3', [0]], ['C(U3)', [0, 1]], ['U3', [1]], ['U3', [1]], ['U3', [2]], ['U3', [3]], ['U3', [0]], ['C(U3)', [3, 1]], ['U3', [3]], ['U3', [1]], ['C(U3)', [2, 3]], ['C(U3)', [2, 1]], ['U3', [0]], ['C(U3)', [1, 0]], ['C(U3)', [3, 1]], ['C(U3)', [1, 3]], ['C(U3)', [1, 3]], ['C(U3)', [1, 2]], ['C(U3)', [3, 2]], ['U3', [2]], ['U3', [2]], ['C(U3)', [1, 3]], ['U3', [1]], ['U3', [3]]]",5,0.9836221628862879,0.7460877700289165,0.7730210016155089,0.7515034880923743
"[['U3', [0]], ['U3', [0]], ['U3', [2]], ['U3', [0]], ['C(U3)', [0, 1]], ['U3', [1]], ['U3', [1]], ['U3', [2]], ['U3', [3]], ['U3', [0]], ['C(U3)', [3, 1]], ['U3', [3]], ['U3', [1]], ['C(U3)', [2, 3]], ['C(U3)', [2, 1]], ['U3', [0]], ['C(U3)', [1, 0]], ['C(U3)', [3, 1]], ['C(U3)', [1, 3]], ['C(U3)', [1, 3]], ['C(U3)', [1, 2]], ['C(U3)', [3, 2]], ['U3', [2]], ['U3', [2]], ['C(U3)', [1, 3]], ['U3', [1]], ['U3', [3]]]",6,0.9793352329212687,0.7426858309236265,0.7754442649434572,0.7394755833533798
"[['U3', [0]], ['U3', [0]], ['U3', [2]], ['U3', [0]], ['C(U3)', [0, 1]], ['U3', [1]], ['U3', [1]], ['U3', [2]], ['U3', [3]], ['U3', [0]], ['C(U3)', [3, 1]], ['U3', [3]], ['U3', [1]], ['C(U3)', [2, 3]], ['C(U3)', [2, 1]], ['U3', [0]], ['C(U3)', [1, 0]], ['C(U3)', [3, 1]], ['C(U3)', [1, 3]], ['C(U3)', [1, 3]], ['C(U3)', [1, 2]], ['C(U3)', [3, 2]], ['U3', [2]], ['U3', [2]], ['C(U3)', [1, 3]], ['U3', [1]], ['U3', [3]]]",7,0.9776420586782953,0.7410699098486138,0.7754442649434572,0.7409189319220592
"[['U3', [0]], ['U3', [0]], ['U3', [2]], ['U3', [0]], ['C(U3)', [0, 1]], ['U3', [1]], ['U3', [1]], ['U3', [2]], ['U3', [3]], ['U3', [0]], ['C(U3)', [3, 1]], ['U3', [3]], ['U3', [1]], ['C(U3)', [2, 3]], ['C(U3)', [2, 1]], ['U3', [0]], ['C(U3)', [1, 0]], ['C(U3)', [3, 1]], ['C(U3)', [1, 3]], ['C(U3)', [1, 3]], ['C(U3)', [1, 2]], ['C(U3)', [3, 2]], ['U3', [2]], ['U3', [2]], ['C(U3)', [1, 3]], ['U3', [1]], ['U3', [3]]]",8,0.9760158457185911,0.7502126211940806,0.7762520193861067,0.7483762328602358
"[['U3', [0]], ['U3', [0]], ['U3', [2]], ['U3', [0]], ['C(U3)', [0, 1]], ['U3', [1]], ['U3', [1]], ['U3', [2]], ['U3', [3]], ['U3', [0]], ['C(U3)', [3, 1]], ['U3', [3]], ['U3', [1]], ['C(U3)', [2, 3]], ['C(U3)', [2, 1]], ['U3', [0]], ['C(U3)', [1, 0]], ['C(U3)', [3, 1]], ['C(U3)', [1, 3]], ['C(U3)', [1, 3]], ['C(U3)', [1, 2]], ['C(U3)', [3, 2]], ['U3', [2]], ['U3', [2]], ['C(U3)', [1, 3]], ['U3', [1]], ['U3', [3]]]",9,0.9748849901168243,0.7500850484776322,0.778675282714055,0.7481356747654558
"[['U3', [0]], ['U3', [0]], ['U3', [2]], ['U3', [0]], ['C(U3)', [0, 1]], ['U3', [1]], ['U3', [1]], ['U3', [2]], ['U3', [3]], ['U3', [0]], ['C(U3)', [3, 1]], ['U3', [3]], ['U3', [1]], ['C(U3)', [2, 3]], ['C(U3)', [2, 1]], ['U3', [0]], ['C(U3)', [1, 0]], ['C(U3)', [3, 1]], ['C(U3)', [1, 3]], ['C(U3)', [1, 3]], ['C(U3)', [1, 2]], ['C(U3)', [3, 2]], ['U3', [2]], ['U3', [2]], ['C(U3)', [1, 3]], ['U3', [1]], ['U3', [3]]]",10,0.9754870760699977,0.740857288654533,0.77140549273021,0.7416406062063988
"[['U3', [0]], ['U3', [0]], ['U3', [2]], ['U3', [0]], ['C(U3)', [0, 1]], ['U3', [1]], ['U3', [1]], ['U3', [2]], ['U3', [3]], ['U3', [0]], ['C(U3)', [3, 1]], ['U3', [3]], ['U3', [1]], ['C(U3)', [2, 3]], ['C(U3)', [2, 1]], ['U3', [0]], ['C(U3)', [1, 0]], ['C(U3)', [3, 1]], ['C(U3)', [1, 3]], ['C(U3)', [1, 3]], ['C(U3)', [1, 2]], ['C(U3)', [3, 2]], ['U3', [2]], ['U3', [2]], ['C(U3)', [1, 3]], ['U3', [1]], ['U3', [3]]]",11,0.9743728385023449,0.7446419459091682,0.7657512116316639,0.7433245128698581
"[['U3', [0]], ['U3', [0]], ['U3', [2]], ['U3', [0]], ['C(U3)', [0, 1]], ['U3', [1]], ['U3', [1]], ['U3', [2]], ['U3', [3]], ['U3', [0]], ['C(U3)', [3, 1]], ['U3', [3]], ['U3', [1]], ['C(U3)', [2, 3]], ['C(U3)', [2, 1]], ['U3', [0]], ['C(U3)', [1, 0]], ['C(U3)', [3, 1]], ['C(U3)', [1, 3]], ['C(U3)', [1, 3]], ['C(U3)', [1, 2]], ['C(U3)', [3, 2]], ['U3', [2]], ['U3', [2]], ['C(U3)', [1, 3]], ['U3', [1]], ['U3', [3]]]",12,0.9734107126360354,0.7504677666269773,0.7778675282714055,0.7495790233341352
"[['U3', [0]], ['U3', [0]], ['U3', [2]], ['U3', [0]], ['C(U3)', [0, 1]], ['U3', [1]], ['U3', [1]], ['U3', [2]], ['U3', [3]], ['U3', [0]], ['C(U3)', [3, 1]], ['U3', [3]], ['U3', [1]], ['C(U3)', [2, 3]], ['C(U3)', [2, 1]], ['U3', [0]], ['C(U3)', [1, 0]], ['C(U3)', [3, 1]], ['C(U3)', [1, 3]], ['C(U3)', [1, 3]], ['C(U3)', [1, 2]], ['C(U3)', [3, 2]], ['U3', [2]], ['U3', [2]], ['C(U3)', [1, 3]], ['U3', [1]], ['U3', [3]]]",13,0.9727467901032903,0.7532743663888416,0.7762520193861067,0.7503006976184748
"[['U3', [0]], ['U3', [0]], ['U3', [2]], ['U3', [0]], ['C(U3)', [0, 1]], ['U3', [1]], ['U3', [1]], ['U3', [2]], ['U3', [3]], ['U3', [0]], ['C(U3)', [3, 1]], ['U3', [3]], ['U3', [1]], ['C(U3)', [2, 3]], ['C(U3)', [2, 1]], ['U3', [0]], ['C(U3)', [1, 0]], ['C(U3)', [3, 1]], ['C(U3)', [1, 3]], ['C(U3)', [1, 3]], ['C(U3)', [1, 2]], ['C(U3)', [3, 2]], ['U3', [2]], ['U3', [2]], ['C(U3)', [1, 3]], ['U3', [1]], ['U3', [3]]]",14,0.9728083701237388,0.7527640755230481,0.7802907915993538,0.7536685109453933
"[['C(U3)', [1, 2]], ['C(U3)', [0, 3]], ['C(U3)', [2, 3]], ['U3', [1]], ['C(U3)', [2, 0]], ['U3', [2]], ['U3', [2]], ['C(U3)', [3, 1]], ['C(U3)', [1, 3]], ['C(U3)', [1, 2]], ['C(U3)', [3, 1]], ['C(U3)', [1, 2]], ['C(U3)', [1, 2]], ['C(U3)', [0, 2]], ['U3', [0]], ['U3', [0]], ['U3', [0]], ['C(U3)', [1, 2]], ['C(U3)', [3, 0]]]",0,1.1675603467485178,0.6154958326245961,0.630048465266559,0.6292999759441905
"[['C(U3)', [1, 2]], ['C(U3)', [0, 3]], ['C(U3)', [2, 3]], ['U3', [1]], ['C(U3)', [2, 0]], ['U3', [2]], ['U3', [2]], ['C(U3)', [3, 1]], ['C(U3)', [1, 3]], ['C(U3)', [1, 2]], ['C(U3)', [3, 1]], ['C(U3)', [1, 2]], ['C(U3)', [1, 2]], ['C(U3)', [0, 2]], ['U3', [0]], ['U3', [0]], ['U3', [0]], ['C(U3)', [1, 2]], ['C(U3)', [3, 0]]]",1,1.1075997650623322,0.7002466405851335,0.7189014539579968,0.7175847967284099
"[['C(U3)', [1, 2]], ['C(U3)', [0, 3]], ['C(U3)', [2, 3]], ['U3', [1]], ['C(U3)', [2, 0]], ['U3', [2]], ['U3', [2]], ['C(U3)', [3, 1]], ['C(U3)', [1, 3]], ['C(U3)', [1, 2]], ['C(U3)', [3, 1]], ['C(U3)', [1, 2]], ['C(U3)', [1, 2]], ['C(U3)', [0, 2]], ['U3', [0]], ['U3', [0]], ['U3', [0]], ['C(U3)', [1, 2]], ['C(U3)', [3, 0]]]",2,1.0818315200183704,0.7267392413675795,0.7382875605815832,0.7416406062063988
"[['C(U3)', [1, 2]], ['C(U3)', [0, 3]], ['C(U3)', [2, 3]], ['U3', [1]], ['C(U3)', [2, 0]], ['U3', [2]], ['U3', [2]], ['C(U3)', [3, 1]], ['C(U3)', [1, 3]], ['C(U3)', [1, 2]], ['C(U3)', [3, 1]], ['C(U3)', [1, 2]], ['C(U3)', [1, 2]], ['C(U3)', [0, 2]], ['U3', [0]], ['U3', [0]], ['U3', [0]], ['C(U3)', [1, 2]], ['C(U3)', [3, 0]]]",3,1.0749251725880995,0.7349889436979078,0.747172859450727,0.756314649987972
"[['C(U3)', [1, 2]], ['C(U3)', [0, 3]], ['C(U3)', [2, 3]], ['U3', [1]], ['C(U3)', [2, 0]], ['U3', [2]], ['U3', [2]], ['C(U3)', [3, 1]], ['C(U3)', [1, 3]], ['C(U3)', [1, 2]], ['C(U3)', [3, 1]], ['C(U3)', [1, 2]], ['C(U3)', [1, 2]], ['C(U3)', [0, 2]], ['U3', [0]], ['U3', [0]], ['U3', [0]], ['C(U3)', [1, 2]], ['C(U3)', [3, 0]]]",4,1.0685039538404215,0.7345637013097466,0.7520193861066236,0.754390185229733
"[['C(U3)', [1, 2]], ['C(U3)', [0, 3]], ['C(U3)', [2, 3]], ['U3', [1]], ['C(U3)', [2, 0]], ['U3', [2]], ['U3', [2]], ['C(U3)', [3, 1]], ['C(U3)', [1, 3]], ['C(U3)', [1, 2]], ['C(U3)', [3, 1]], ['C(U3)', [1, 2]], ['C(U3)', [1, 2]], ['C(U3)', [0, 2]], ['U3', [0]], ['U3', [0]], ['U3', [0]], ['C(U3)', [1, 2]], ['C(U3)', [3, 0]]]",5,1.060085011565167,0.7387310767137268,0.752827140549273,0.7575174404618715
"[['C(U3)', [1, 2]], ['C(U3)', [0, 3]], ['C(U3)', [2, 3]], ['U3', [1]], ['C(U3)', [2, 0]], ['U3', [2]], ['U3', [2]], ['C(U3)', [3, 1]], ['C(U3)', [1, 3]], ['C(U3)', [1, 2]], ['C(U3)', [3, 1]], ['C(U3)', [1, 2]], ['C(U3)', [1, 2]], ['C(U3)', [0, 2]], ['U3', [0]], ['U3', [0]], ['U3', [0]], ['C(U3)', [1, 2]], ['C(U3)', [3, 0]]]",6,1.0521164031132408,0.7387310767137268,0.7584814216478191,0.7524657204714938
"[['C(U3)', [1, 2]], ['C(U3)', [0, 3]], ['C(U3)', [2, 3]], ['U3', [1]], ['C(U3)', [2, 0]], ['U3', [2]], ['U3', [2]], ['C(U3)', [3, 1]], ['C(U3)', [1, 3]], ['C(U3)', [1, 2]], ['C(U3)', [3, 1]], ['C(U3)', [1, 2]], ['C(U3)', [1, 2]], ['C(U3)', [0, 2]], ['U3', [0]], ['U3', [0]], ['U3', [0]], ['C(U3)', [1, 2]], ['C(U3)', [3, 0]]]",7,1.044666147750357,0.7421330158190168,0.7576736672051696,0.756555208082752
"[['C(U3)', [1, 2]], ['C(U3)', [0, 3]], ['C(U3)', [2, 3]], ['U3', [1]], ['C(U3)', [2, 0]], ['U3', [2]], ['U3', [2]], ['C(U3)', [3, 1]], ['C(U3)', [1, 3]], ['C(U3)', [1, 2]], ['C(U3)', [3, 1]], ['C(U3)', [1, 2]], ['C(U3)', [1, 2]], ['C(U3)', [0, 2]], ['U3', [0]], ['U3', [0]], ['U3', [0]], ['C(U3)', [1, 2]], ['C(U3)', [3, 0]]]",8,1.0385273915270101,0.7441741792821909,0.747172859450727,0.7483762328602358
"[['C(U3)', [1, 2]], ['C(U3)', [0, 3]], ['C(U3)', [2, 3]], ['U3', [1]], ['C(U3)', [2, 0]], ['U3', [2]], ['U3', [2]], ['C(U3)', [3, 1]], ['C(U3)', [1, 3]], ['C(U3)', [1, 2]], ['C(U3)', [3, 1]], ['C(U3)', [1, 2]], ['C(U3)', [1, 2]], ['C(U3)', [0, 2]], ['U3', [0]], ['U3', [0]], ['U3', [0]], ['C(U3)', [1, 2]], ['C(U3)', [3, 0]]]",9,1.010874297955762,0.7491069909848613,0.7504038772213247,0.7570363242723117
"[['C(U3)', [1, 2]], ['C(U3)', [0, 3]], ['C(U3)', [2, 3]], ['U3', [1]], ['C(U3)', [2, 0]], ['U3', [2]], ['U3', [2]], ['C(U3)', [3, 1]], ['C(U3)', [1, 3]], ['C(U3)', [1, 2]], ['C(U3)', [3, 1]], ['C(U3)', [1, 2]], ['C(U3)', [1, 2]], ['C(U3)', [0, 2]], ['U3', [0]], ['U3', [0]], ['U3', [0]], ['C(U3)', [1, 2]], ['C(U3)', [3, 0]]]",10,1.0014082297034885,0.7423456370130974,0.7479806138933764,0.7570363242723117
"[['C(U3)', [1, 2]], ['C(U3)', [0, 3]], ['C(U3)', [2, 3]], ['U3', [1]], ['C(U3)', [2, 0]], ['U3', [2]], ['U3', [2]], ['C(U3)', [3, 1]], ['C(U3)', [1, 3]], ['C(U3)', [1, 2]], ['C(U3)', [3, 1]], ['C(U3)', [1, 2]], ['C(U3)', [1, 2]], ['C(U3)', [0, 2]], ['U3', [0]], ['U3', [0]], ['U3', [0]], ['C(U3)', [1, 2]], ['C(U3)', [3, 0]]]",11,0.9997205740731695,0.7308640925327436,0.7455573505654282,0.7464517681019966
"[['C(U3)', [1, 2]], ['C(U3)', [0, 3]], ['C(U3)', [2, 3]], ['U3', [1]], ['C(U3)', [2, 0]], ['U3', [2]], ['U3', [2]], ['C(U3)', [3, 1]], ['C(U3)', [1, 3]], ['C(U3)', [1, 2]], ['C(U3)', [3, 1]], ['C(U3)', [1, 2]], ['C(U3)', [1, 2]], ['C(U3)', [0, 2]], ['U3', [0]], ['U3', [0]], ['U3', [0]], ['C(U3)', [1, 2]], ['C(U3)', [3, 0]]]",12,0.9990682485310928,0.7175114815444803,0.7310177705977383,0.7341833052682223
"[['C(U3)', [1, 2]], ['C(U3)', [0, 3]], ['C(U3)', [2, 3]], ['U3', [1]], ['C(U3)', [2, 0]], ['U3', [2]], ['U3', [2]], ['C(U3)', [3, 1]], ['C(U3)', [1, 3]], ['C(U3)', [1, 2]], ['C(U3)', [3, 1]], ['C(U3)', [1, 2]], ['C(U3)', [1, 2]], ['C(U3)', [0, 2]], ['U3', [0]], ['U3', [0]], ['U3', [0]], ['C(U3)', [1, 2]], ['C(U3)', [3, 0]]]",13,0.9988505704247433,0.7251658445313829,0.7358642972536349,0.7397161414481598
"[['C(U3)', [1, 2]], ['C(U3)', [0, 3]], ['C(U3)', [2, 3]], ['U3', [1]], ['C(U3)', [2, 0]], ['U3', [2]], ['U3', [2]], ['C(U3)', [3, 1]], ['C(U3)', [1, 3]], ['C(U3)', [1, 2]], ['C(U3)', [3, 1]], ['C(U3)', [1, 2]], ['C(U3)', [1, 2]], ['C(U3)', [0, 2]], ['U3', [0]], ['U3', [0]], ['U3', [0]], ['C(U3)', [1, 2]], ['C(U3)', [3, 0]]]",14,0.9984003752470016,0.7253784657254635,0.7382875605815832,0.7404378157324994
"[['U3', [3]], ['U3', [0]], ['U3', [1]], ['C(U3)', [3, 1]], ['U3', [0]], ['C(U3)', [3, 2]], ['U3', [0]], ['C(U3)', [1, 3]], ['C(U3)', [0, 2]], ['U3', [0]], ['C(U3)', [2, 1]], ['C(U3)', [3, 2]], ['U3', [1]], ['C(U3)', [2, 1]], ['U3', [2]], ['U3', [0]], ['C(U3)', [1, 3]], ['C(U3)', [1, 2]], ['U3', [1]], ['U3', [1]], ['U3', [3]], ['U3', [0]], ['C(U3)', [1, 3]], ['U3', [1]]]",0,1.010075780360595,0.7263565232182344,0.7431340872374798,0.7368294443108011
"[['U3', [3]], ['U3', [0]], ['U3', [1]], ['C(U3)', [3, 1]], ['U3', [0]], ['C(U3)', [3, 2]], ['U3', [0]], ['C(U3)', [1, 3]], ['C(U3)', [0, 2]], ['U3', [0]], ['C(U3)', [2, 1]], ['C(U3)', [3, 2]], ['U3', [1]], ['C(U3)', [2, 1]], ['U3', [2]], ['U3', [0]], ['C(U3)', [1, 3]], ['C(U3)', [1, 2]], ['U3', [1]], ['U3', [1]], ['U3', [3]], ['U3', [0]], ['C(U3)', [1, 3]], ['U3', [1]]]",1,0.9877032676468724,0.7310341894880081,0.752827140549273,0.7341833052682223
"[['U3', [3]], ['U3', [0]], ['U3', [1]], ['C(U3)', [3, 1]], ['U3', [0]], ['C(U3)', [3, 2]], ['U3', [0]], ['C(U3)', [1, 3]], ['C(U3)', [0, 2]], ['U3', [0]], ['C(U3)', [2, 1]], ['C(U3)', [3, 2]], ['U3', [1]], ['C(U3)', [2, 1]], ['U3', [2]], ['U3', [0]], ['C(U3)', [1, 3]], ['C(U3)', [1, 2]], ['U3', [1]], ['U3', [1]], ['U3', [3]], ['U3', [0]], ['C(U3)', [1, 3]], ['U3', [1]]]",2,0.9830438896365787,0.7361796223847593,0.7576736672051696,0.7418811643011788
"[['U3', [3]], ['U3', [0]], ['U3', [1]], ['C(U3)', [3, 1]], ['U3', [0]], ['C(U3)', [3, 2]], ['U3', [0]], ['C(U3)', [1, 3]], ['C(U3)', [0, 2]], ['U3', [0]], ['C(U3)', [2, 1]], ['C(U3)', [3, 2]], ['U3', [1]], ['C(U3)', [2, 1]], ['U3', [2]], ['U3', [0]], ['C(U3)', [1, 3]], ['C(U3)', [1, 2]], ['U3', [1]], ['U3', [1]], ['U3', [3]], ['U3', [0]], ['C(U3)', [1, 3]], ['U3', [1]]]",3,0.9812808509754098,0.7377104949821398,0.7633279483037156,0.7426028385855185
"[['U3', [3]], ['U3', [0]], ['U3', [1]], ['C(U3)', [3, 1]], ['U3', [0]], ['C(U3)', [3, 2]], ['U3', [0]], ['C(U3)', [1, 3]], ['C(U3)', [0, 2]], ['U3', [0]], ['C(U3)', [2, 1]], ['C(U3)', [3, 2]], ['U3', [1]], ['C(U3)', [2, 1]], ['U3', [2]], ['U3', [0]], ['C(U3)', [1, 3]], ['C(U3)', [1, 2]], ['U3', [1]], ['U3', [1]], ['U3', [3]], ['U3', [0]], ['C(U3)', [1, 3]], ['U3', [1]]]",4,0.9802222860896069,0.7357543799965981,0.752827140549273,0.7365888862160211
"[['U3', [3]], ['U3', [0]], ['U3', [1]], ['C(U3)', [3, 1]], ['U3', [0]], ['C(U3)', [3, 2]], ['U3', [0]], ['C(U3)', [1, 3]], ['C(U3)', [0, 2]], ['U3', [0]], ['C(U3)', [2, 1]], ['C(U3)', [3, 2]], ['U3', [1]], ['C(U3)', [2, 1]], ['U3', [2]], ['U3', [0]], ['C(U3)', [1, 3]], ['C(U3)', [1, 2]], ['U3', [1]], ['U3', [1]], ['U3', [3]], ['U3', [0]], ['C(U3)', [1, 3]], ['U3', [1]]]",5,0.9812277665604716,0.7337982650110563,0.7536348949919225,0.7361077700264614
"[['U3', [3]], ['U3', [0]], ['U3', [1]], ['C(U3)', [3, 1]], ['U3', [0]], ['C(U3)', [3, 2]], ['U3', [0]], ['C(U3)', [1, 3]], ['C(U3)', [0, 2]], ['U3', [0]], ['C(U3)', [2, 1]], ['C(U3)', [3, 2]], ['U3', [1]], ['C(U3)', [2, 1]], ['U3', [2]], ['U3', [0]], ['C(U3)', [1, 3]], ['C(U3)', [1, 2]], ['U3', [1]], ['U3', [1]], ['U3', [3]], ['U3', [0]], ['C(U3)', [1, 3]], ['U3', [1]]]",6,0.9786465900099796,0.7348188467426433,0.7512116316639742,0.7351455376473418
"[['U3', [3]], ['U3', [0]], ['U3', [1]], ['C(U3)', [3, 1]], ['U3', [0]], ['C(U3)', [3, 2]], ['U3', [0]], ['C(U3)', [1, 3]], ['C(U3)', [0, 2]], ['U3', [0]], ['C(U3)', [2, 1]], ['C(U3)', [3, 2]], ['U3', [1]], ['C(U3)', [2, 1]], ['U3', [2]], ['U3', [0]], ['C(U3)', [1, 3]], ['C(U3)', [1, 2]], ['U3', [1]], ['U3', [1]], ['U3', [3]], ['U3', [0]], ['C(U3)', [1, 3]], ['U3', [1]]]",7,0.9774595622135245,0.7419203946249362,0.7600969305331179,0.7438056290594178
"[['U3', [3]], ['U3', [0]], ['U3', [1]], ['C(U3)', [3, 1]], ['U3', [0]], ['C(U3)', [3, 2]], ['U3', [0]], ['C(U3)', [1, 3]], ['C(U3)', [0, 2]], ['U3', [0]], ['C(U3)', [2, 1]], ['C(U3)', [3, 2]], ['U3', [1]], ['C(U3)', [2, 1]], ['U3', [2]], ['U3', [0]], ['C(U3)', [1, 3]], ['C(U3)', [1, 2]], ['U3', [1]], ['U3', [1]], ['U3', [3]], ['U3', [0]], ['C(U3)', [1, 3]], ['U3', [1]]]",8,0.9791099733632543,0.7323949651301241,0.747172859450727,0.7322588405099831
"[['U3', [3]], ['U3', [0]], ['U3', [1]], ['C(U3)', [3, 1]], ['U3', [0]], ['C(U3)', [3, 2]], ['U3', [0]], ['C(U3)', [1, 3]], ['C(U3)', [0, 2]], ['U3', [0]], ['C(U3)', [2, 1]], ['C(U3)', [3, 2]], ['U3', [1]], ['C(U3)', [2, 1]], ['U3', [2]], ['U3', [0]], ['C(U3)', [1, 3]], ['C(U3)', [1, 2]], ['U3', [1]], ['U3', [1]], ['U3', [3]], ['U3', [0]], ['C(U3)', [1, 3]], ['U3', [1]]]",9,0.9777570004048555,0.7549753359414867,0.778675282714055,0.7601635795044503
"[['U3', [3]], ['U3', [0]], ['U3', [1]], ['C(U3)', [3, 1]], ['U3', [0]], ['C(U3)', [3, 2]], ['U3', [0]], ['C(U3)', [1, 3]], ['C(U3)', [0, 2]], ['U3', [0]], ['C(U3)', [2, 1]], ['C(U3)', [3, 2]], ['U3', [1]], ['C(U3)', [2, 1]], ['U3', [2]], ['U3', [0]], ['C(U3)', [1, 3]], ['C(U3)', [1, 2]], ['U3', [1]], ['U3', [1]], ['U3', [3]], ['U3', [0]], ['C(U3)', [1, 3]], ['U3', [1]]]",10,0.9759911765222964,0.7532743663888416,0.777059773828756,0.7529468366610537
"[['U3', [3]], ['U3', [0]], ['U3', [1]], ['C(U3)', [3, 1]], ['U3', [0]], ['C(U3)', [3, 2]], ['U3', [0]], ['C(U3)', [1, 3]], ['C(U3)', [0, 2]], ['U3', [0]], ['C(U3)', [2, 1]], ['C(U3)', [3, 2]], ['U3', [1]], ['C(U3)', [2, 1]], ['U3', [2]], ['U3', [0]], ['C(U3)', [1, 3]], ['C(U3)', [1, 2]], ['U3', [1]], ['U3', [1]], ['U3', [3]], ['U3', [0]], ['C(U3)', [1, 3]], ['U3', [1]]]",11,0.9737567927526392,0.7515733968361966,0.7673667205169629,0.7539090690401732
"[['U3', [3]], ['U3', [0]], ['U3', [1]], ['C(U3)', [3, 1]], ['U3', [0]], ['C(U3)', [3, 2]], ['U3', [0]], ['C(U3)', [1, 3]], ['C(U3)', [0, 2]], ['U3', [0]], ['C(U3)', [2, 1]], ['C(U3)', [3, 2]], ['U3', [1]], ['C(U3)', [2, 1]], ['U3', [2]], ['U3', [0]], ['C(U3)', [1, 3]], ['C(U3)', [1, 2]], ['U3', [1]], ['U3', [1]], ['U3', [3]], ['U3', [0]], ['C(U3)', [1, 3]], ['U3', [1]]]",12,0.9724970453459284,0.7474910699098486,0.7681744749596123,0.7560740918931922
"[['U3', [3]], ['U3', [0]], ['U3', [1]], ['C(U3)', [3, 1]], ['U3', [0]], ['C(U3)', [3, 2]], ['U3', [0]], ['C(U3)', [1, 3]], ['C(U3)', [0, 2]], ['U3', [0]], ['C(U3)', [2, 1]], ['C(U3)', [3, 2]], ['U3', [1]], ['C(U3)', [2, 1]], ['U3', [2]], ['U3', [0]], ['C(U3)', [1, 3]], ['C(U3)', [1, 2]], ['U3', [1]], ['U3', [1]], ['U3', [3]], ['U3', [0]], ['C(U3)', [1, 3]], ['U3', [1]]]",13,0.9713772574196691,0.7508504847763225,0.77140549273021,0.7589607890305509
"[['U3', [3]], ['U3', [0]], ['U3', [1]], ['C(U3)', [3, 1]], ['U3', [0]], ['C(U3)', [3, 2]], ['U3', [0]], ['C(U3)', [1, 3]], ['C(U3)', [0, 2]], ['U3', [0]], ['C(U3)', [2, 1]], ['C(U3)', [3, 2]], ['U3', [1]], ['C(U3)', [2, 1]], ['U3', [2]], ['U3', [0]], ['C(U3)', [1, 3]], ['C(U3)', [1, 2]], ['U3', [1]], ['U3', [1]], ['U3', [3]], ['U3', [0]], ['C(U3)', [1, 3]], ['U3', [1]]]",14,0.9702495168084684,0.7546351420309576,0.7746365105008077,0.7567957661775319
"[['U3', [0]], ['C(U3)', [0, 1]], ['U3', [2]], ['C(U3)', [0, 1]], ['C(U3)', [1, 3]], ['C(U3)', [2, 3]], ['C(U3)', [3, 2]], ['U3', [1]], ['U3', [0]], ['C(U3)', [2, 0]], ['C(U3)', [1, 2]], ['C(U3)', [2, 3]], ['C(U3)', [3, 0]], ['C(U3)', [0, 1]], ['U3', [0]], ['U3', [3]], ['U3', [2]], ['U3', [1]], ['U3', [0]], ['U3', [1]], ['U3', [3]], ['U3', [0]], ['C(U3)', [1, 3]], ['U3', [3]]]",0,1.0595041176547175,0.7068804218404491,0.72859450726979,0.7074813567476546
"[['U3', [0]], ['C(U3)', [0, 1]], ['U3', [2]], ['C(U3)', [0, 1]], ['C(U3)', [1, 3]], ['C(U3)', [2, 3]], ['C(U3)', [3, 2]], ['U3', [1]], ['U3', [0]], ['C(U3)', [2, 0]], ['C(U3)', [1, 2]], ['C(U3)', [2, 3]], ['C(U3)', [3, 0]], ['C(U3)', [0, 1]], ['U3', [0]], ['U3', [3]], ['U3', [2]], ['U3', [1]], ['U3', [0]], ['U3', [1]], ['U3', [3]], ['U3', [0]], ['C(U3)', [1, 3]], ['U3', [3]]]",1,1.0200452765692836,0.739496513012417,0.7592891760904685,0.7401972576377195
"[['U3', [0]], ['C(U3)', [0, 1]], ['U3', [2]], ['C(U3)', [0, 1]], ['C(U3)', [1, 3]], ['C(U3)', [2, 3]], ['C(U3)', [3, 2]], ['U3', [1]], ['U3', [0]], ['C(U3)', [2, 0]], ['C(U3)', [1, 2]], ['C(U3)', [2, 3]], ['C(U3)', [3, 0]], ['C(U3)', [0, 1]], ['U3', [0]], ['U3', [3]], ['U3', [2]], ['U3', [1]], ['U3', [0]], ['U3', [1]], ['U3', [3]], ['U3', [0]], ['C(U3)', [1, 3]], ['U3', [3]]]",2,0.9966931142236876,0.7448970913420649,0.7584814216478191,0.7452489776280972
"[['U3', [0]], ['C(U3)', [0, 1]], ['U3', [2]], ['C(U3)', [0, 1]], ['C(U3)', [1, 3]], ['C(U3)', [2, 3]], ['C(U3)', [3, 2]], ['U3', [1]], ['U3', [0]], ['C(U3)', [2, 0]], ['C(U3)', [1, 2]], ['C(U3)', [2, 3]], ['C(U3)', [3, 0]], ['C(U3)', [0, 1]], ['U3', [0]], ['U3', [3]], ['U3', [2]], ['U3', [1]], ['U3', [0]], ['U3', [1]], ['U3', [3]], ['U3', [0]], ['C(U3)', [1, 3]], ['U3', [3]]]",3,0.9899785363155863,0.7522112604184386,0.7609046849757674,0.7529468366610537
"[['U3', [0]], ['C(U3)', [0, 1]], ['U3', [2]], ['C(U3)', [0, 1]], ['C(U3)', [1, 3]], ['C(U3)', [2, 3]], ['C(U3)', [3, 2]], ['U3', [1]], ['U3', [0]], ['C(U3)', [2, 0]], ['C(U3)', [1, 2]], ['C(U3)', [2, 3]], ['C(U3)', [3, 0]], ['C(U3)', [0, 1]], ['U3', [0]], ['U3', [3]], ['U3', [2]], ['U3', [1]], ['U3', [0]], ['U3', [1]], ['U3', [3]], ['U3', [0]], ['C(U3)', [1, 3]], ['U3', [3]]]",4,0.9869039985148803,0.7559533934342575,0.7689822294022617,0.7601635795044503
"[['U3', [0]], ['C(U3)', [0, 1]], ['U3', [2]], ['C(U3)', [0, 1]], ['C(U3)', [1, 3]], ['C(U3)', [2, 3]], ['C(U3)', [3, 2]], ['U3', [1]], ['U3', [0]], ['C(U3)', [2, 0]], ['C(U3)', [1, 2]], ['C(U3)', [2, 3]], ['C(U3)', [3, 0]], ['C(U3)', [0, 1]], ['U3', [0]], ['U3', [3]], ['U3', [2]], ['U3', [1]], ['U3', [0]], ['U3', [1]], ['U3', [3]], ['U3', [0]], ['C(U3)', [1, 3]], ['U3', [3]]]",5,0.9866147106108458,0.751700969552645,0.7625201938610663,0.7529468366610537
"[['U3', [0]], ['C(U3)', [0, 1]], ['U3', [2]], ['C(U3)', [0, 1]], ['C(U3)', [1, 3]], ['C(U3)', [2, 3]], ['C(U3)', [3, 2]], ['U3', [1]], ['U3', [0]], ['C(U3)', [2, 0]], ['C(U3)', [1, 2]], ['C(U3)', [2, 3]], ['C(U3)', [3, 0]], ['C(U3)', [0, 1]], ['U3', [0]], ['U3', [3]], ['U3', [2]], ['U3', [1]], ['U3', [0]], ['U3', [1]], ['U3', [3]], ['U3', [0]], ['C(U3)', [1, 3]], ['U3', [3]]]",6,0.9840876382330189,0.7546351420309576,0.7697899838449112,0.7592013471253307
"[['U3', [0]], ['C(U3)', [0, 1]], ['U3', [2]], ['C(U3)', [0, 1]], ['C(U3)', [1, 3]], ['C(U3)', [2, 3]], ['C(U3)', [3, 2]], ['U3', [1]], ['U3', [0]], ['C(U3)', [2, 0]], ['C(U3)', [1, 2]], ['C(U3)', [2, 3]], ['C(U3)', [3, 0]], ['C(U3)', [0, 1]], ['U3', [0]], ['U3', [3]], ['U3', [2]], ['U3', [1]], ['U3', [0]], ['U3', [1]], ['U3', [3]], ['U3', [0]], ['C(U3)', [1, 3]], ['U3', [3]]]",7,0.9828674436911292,0.7591852355842831,0.7722132471728594,0.7613663699783497
"[['U3', [0]], ['C(U3)', [0, 1]], ['U3', [2]], ['C(U3)', [0, 1]], ['C(U3)', [1, 3]], ['C(U3)', [2, 3]], ['C(U3)', [3, 2]], ['U3', [1]], ['U3', [0]], ['C(U3)', [2, 0]], ['C(U3)', [1, 2]], ['C(U3)', [2, 3]], ['C(U3)', [3, 0]], ['C(U3)', [0, 1]], ['U3', [0]], ['U3', [3]], ['U3', [2]], ['U3', [1]], ['U3', [0]], ['U3', [1]], ['U3', [3]], ['U3', [0]], ['C(U3)', [1, 3]], ['U3', [3]]]",8,0.9816794525022092,0.7551879571355673,0.7665589660743134,0.7570363242723117
"[['U3', [0]], ['C(U3)', [0, 1]], ['U3', [2]], ['C(U3)', [0, 1]], ['C(U3)', [1, 3]], ['C(U3)', [2, 3]], ['C(U3)', [3, 2]], ['U3', [1]], ['U3', [0]], ['C(U3)', [2, 0]], ['C(U3)', [1, 2]], ['C(U3)', [2, 3]], ['C(U3)', [3, 0]], ['C(U3)', [0, 1]], ['U3', [0]], ['U3', [3]], ['U3', [2]], ['U3', [1]], ['U3', [0]], ['U3', [1]], ['U3', [3]], ['U3', [0]], ['C(U3)', [1, 3]], ['U3', [3]]]",9,0.9795213704523833,0.7684129954073822,0.7835218093699515,0.7736348328121241
"[['U3', [0]], ['C(U3)', [0, 1]], ['U3', [2]], ['C(U3)', [0, 1]], ['C(U3)', [1, 3]], ['C(U3)', [2, 3]], ['C(U3)', [3, 2]], ['U3', [1]], ['U3', [0]], ['C(U3)', [2, 0]], ['C(U3)', [1, 2]], ['C(U3)', [2, 3]], ['C(U3)', [3, 0]], ['C(U3)', [0, 1]], ['U3', [0]], ['U3', [3]], ['U3', [2]], ['U3', [1]], ['U3', [0]], ['U3', [1]], ['U3', [3]], ['U3', [0]], ['C(U3)', [1, 3]], ['U3', [3]]]",10,0.97848254247852,0.7715597890797755,0.7915993537964459,0.7714698099591051
"[['U3', [0]], ['C(U3)', [0, 1]], ['U3', [2]], ['C(U3)', [0, 1]], ['C(U3)', [1, 3]], ['C(U3)', [2, 3]], ['C(U3)', [3, 2]], ['U3', [1]], ['U3', [0]], ['C(U3)', [2, 0]], ['C(U3)', [1, 2]], ['C(U3)', [2, 3]], ['C(U3)', [3, 0]], ['C(U3)', [0, 1]], ['U3', [0]], ['U3', [3]], ['U3', [2]], ['U3', [1]], ['U3', [0]], ['U3', [1]], ['U3', [3]], ['U3', [0]], ['C(U3)', [1, 3]], ['U3', [3]]]",11,0.9783810830634573,0.7590576628678347,0.7697899838449112,0.7642530671157084
"[['U3', [0]], ['C(U3)', [0, 1]], ['U3', [2]], ['C(U3)', [0, 1]], ['C(U3)', [1, 3]], ['C(U3)', [2, 3]], ['C(U3)', [3, 2]], ['U3', [1]], ['U3', [0]], ['C(U3)', [2, 0]], ['C(U3)', [1, 2]], ['C(U3)', [2, 3]], ['C(U3)', [3, 0]], ['C(U3)', [0, 1]], ['U3', [0]], ['U3', [3]], ['U3', [2]], ['U3', [1]], ['U3', [0]], ['U3', [1]], ['U3', [3]], ['U3', [0]], ['C(U3)', [1, 3]], ['U3', [3]]]",12,0.9765588174695554,0.7652236774961728,0.7835218093699515,0.7644936252104884
"[['U3', [0]], ['C(U3)', [0, 1]], ['U3', [2]], ['C(U3)', [0, 1]], ['C(U3)', [1, 3]], ['C(U3)', [2, 3]], ['C(U3)', [3, 2]], ['U3', [1]], ['U3', [0]], ['C(U3)', [2, 0]], ['C(U3)', [1, 2]], ['C(U3)', [2, 3]], ['C(U3)', [3, 0]], ['C(U3)', [0, 1]], ['U3', [0]], ['U3', [3]], ['U3', [2]], ['U3', [1]], ['U3', [0]], ['U3', [1]], ['U3', [3]], ['U3', [0]], ['C(U3)', [1, 3]], ['U3', [3]]]",13,0.9772558769454127,0.7548052389862221,0.7689822294022617,0.7592013471253307
"[['U3', [0]], ['C(U3)', [0, 1]], ['U3', [2]], ['C(U3)', [0, 1]], ['C(U3)', [1, 3]], ['C(U3)', [2, 3]], ['C(U3)', [3, 2]], ['U3', [1]], ['U3', [0]], ['C(U3)', [2, 0]], ['C(U3)', [1, 2]], ['C(U3)', [2, 3]], ['C(U3)', [3, 0]], ['C(U3)', [0, 1]], ['U3', [0]], ['U3', [3]], ['U3', [2]], ['U3', [1]], ['U3', [0]], ['U3', [1]], ['U3', [3]], ['U3', [0]], ['C(U3)', [1, 3]], ['U3', [3]]]",14,0.9773730557897816,0.7569314509270284,0.7681744749596123,0.7596824633148905
"[['U3', [0]], ['U3', [1]], ['U3', [0]], ['C(U3)', [0, 3]], ['C(U3)', [1, 0]], ['C(U3)', [0, 3]], ['U3', [3]], ['C(U3)', [0, 2]], ['C(U3)', [0, 1]], ['C(U3)', [0, 3]], ['U3', [3]], ['U3', [0]], ['C(U3)', [3, 2]], ['U3', [0]], ['C(U3)', [3, 2]], ['U3', [0]], ['U3', [2]], ['C(U3)', [1, 3]], ['U3', [3]], ['C(U3)', [2, 3]], ['U3', [3]], ['U3', [3]], ['C(U3)', [1, 2]], ['U3', [0]]]",0,1.2109248042106628,0.5262799795883654,0.5266558966074314,0.5265816694731777
"[['U3', [0]], ['U3', [1]], ['U3', [0]], ['C(U3)', [0, 3]], ['C(U3)', [1, 0]], ['C(U3)', [0, 3]], ['U3', [3]], ['C(U3)', [0, 2]], ['C(U3)', [0, 1]], ['C(U3)', [0, 3]], ['U3', [3]], ['U3', [0]], ['C(U3)', [3, 2]], ['U3', [0]], ['C(U3)', [3, 2]], ['U3', [0]], ['U3', [2]], ['C(U3)', [1, 3]], ['U3', [3]], ['C(U3)', [2, 3]], ['U3', [3]], ['U3', [3]], ['C(U3)', [1, 2]], ['U3', [0]]]",1,1.041946197333543,0.6618047286953563,0.6801292407108239,0.6560019244647582
"[['U3', [0]], ['U3', [1]], ['U3', [0]], ['C(U3)', [0, 3]], ['C(U3)', [1, 0]], ['C(U3)', [0, 3]], ['U3', [3]], ['C(U3)', [0, 2]], ['C(U3)', [0, 1]], ['C(U3)', [0, 3]], ['U3', [3]], ['U3', [0]], ['C(U3)', [3, 2]], ['U3', [0]], ['C(U3)', [3, 2]], ['U3', [0]], ['U3', [2]], ['C(U3)', [1, 3]], ['U3', [3]], ['C(U3)', [2, 3]], ['U3', [3]], ['U3', [3]], ['C(U3)', [1, 2]], ['U3', [0]]]",2,1.019146872603375,0.6803027725803709,0.6946688206785138,0.6682703872985326
"[['U3', [0]], ['U3', [1]], ['U3', [0]], ['C(U3)', [0, 3]], ['C(U3)', [1, 0]], ['C(U3)', [0, 3]], ['U3', [3]], ['C(U3)', [0, 2]], ['C(U3)', [0, 1]], ['C(U3)', [0, 3]], ['U3', [3]], ['U3', [0]], ['C(U3)', [3, 2]], ['U3', [0]], ['C(U3)', [3, 2]], ['U3', [0]], ['U3', [2]], ['C(U3)', [1, 3]], ['U3', [3]], ['C(U3)', [2, 3]], ['U3', [3]], ['U3', [3]], ['C(U3)', [1, 2]], ['U3', [0]]]",3,1.012115296462308,0.6848528661336962,0.6930533117932148,0.6747654558575896
"[['U3', [0]], ['U3', [1]], ['U3', [0]], ['C(U3)', [0, 3]], ['C(U3)', [1, 0]], ['C(U3)', [0, 3]], ['U3', [3]], ['C(U3)', [0, 2]], ['C(U3)', [0, 1]], ['C(U3)', [0, 3]], ['U3', [3]], ['U3', [0]], ['C(U3)', [3, 2]], ['U3', [0]], ['C(U3)', [3, 2]], ['U3', [0]], ['U3', [2]], ['C(U3)', [1, 3]], ['U3', [3]], ['C(U3)', [2, 3]], ['U3', [3]], ['U3', [3]], ['C(U3)', [1, 2]], ['U3', [0]]]",4,1.0074930631596108,0.6901683959857119,0.6906300484652665,0.680298292037527
"[['U3', [0]], ['U3', [1]], ['U3', [0]], ['C(U3)', [0, 3]], ['C(U3)', [1, 0]], ['C(U3)', [0, 3]], ['U3', [3]], ['C(U3)', [0, 2]], ['C(U3)', [0, 1]], ['C(U3)', [0, 3]], ['U3', [3]], ['U3', [0]], ['C(U3)', [3, 2]], ['U3', [0]], ['C(U3)', [3, 2]], ['U3', [0]], ['U3', [2]], ['C(U3)', [1, 3]], ['U3', [3]], ['C(U3)', [2, 3]], ['U3', [3]], ['U3', [3]], ['C(U3)', [1, 2]], ['U3', [0]]]",5,1.0055745989084244,0.6815784997448545,0.6906300484652665,0.6733221072889103
"[['U3', [0]], ['U3', [1]], ['U3', [0]], ['C(U3)', [0, 3]], ['C(U3)', [1, 0]], ['C(U3)', [0, 3]], ['U3', [3]], ['C(U3)', [0, 2]], ['C(U3)', [0, 1]], ['C(U3)', [0, 3]], ['U3', [3]], ['U3', [0]], ['C(U3)', [3, 2]], ['U3', [0]], ['C(U3)', [3, 2]], ['U3', [0]], ['U3', [2]], ['C(U3)', [1, 3]], ['U3', [3]], ['C(U3)', [2, 3]], ['U3', [3]], ['U3', [3]], ['C(U3)', [1, 2]], ['U3', [0]]]",6,1.003976773308671,0.6860435448205477,0.6954765751211631,0.6771710368053885
"[['U3', [0]], ['U3', [1]], ['U3', [0]], ['C(U3)', [0, 3]], ['C(U3)', [1, 0]], ['C(U3)', [0, 3]], ['U3', [3]], ['C(U3)', [0, 2]], ['C(U3)', [0, 1]], ['C(U3)', [0, 3]], ['U3', [3]], ['U3', [0]], ['C(U3)', [3, 2]], ['U3', [0]], ['C(U3)', [3, 2]], ['U3', [0]], ['U3', [2]], ['C(U3)', [1, 3]], ['U3', [3]], ['C(U3)', [2, 3]], ['U3', [3]], ['U3', [3]], ['C(U3)', [1, 2]], ['U3', [0]]]",7,1.0026643392832384,0.6896581051199183,0.7011308562197092,0.6841472215540053
"[['U3', [0]], ['U3', [1]], ['U3', [0]], ['C(U3)', [0, 3]], ['C(U3)', [1, 0]], ['C(U3)', [0, 3]], ['U3', [3]], ['C(U3)', [0, 2]], ['C(U3)', [0, 1]], ['C(U3)', [0, 3]], ['U3', [3]], ['U3', [0]], ['C(U3)', [3, 2]], ['U3', [0]], ['C(U3)', [3, 2]], ['U3', [0]], ['U3', [2]], ['C(U3)', [1, 3]], ['U3', [3]], ['C(U3)', [2, 3]], ['U3', [3]], ['U3', [3]], ['C(U3)', [1, 2]], ['U3', [0]]]",8,1.0013664112142895,0.6904660656574247,0.6987075928917609,0.680298292037527
"[['U3', [0]], ['U3', [1]], ['U3', [0]], ['C(U3)', [0, 3]], ['C(U3)', [1, 0]], ['C(U3)', [0, 3]], ['U3', [3]], ['C(U3)', [0, 2]], ['C(U3)', [0, 1]], ['C(U3)', [0, 3]], ['U3', [3]], ['U3', [0]], ['C(U3)', [3, 2]], ['U3', [0]], ['C(U3)', [3, 2]], ['U3', [0]], ['U3', [2]], ['C(U3)', [1, 3]], ['U3', [3]], ['C(U3)', [2, 3]], ['U3', [3]], ['U3', [3]], ['C(U3)', [1, 2]], ['U3', [0]]]",9,0.9997773656378621,0.7028406191529172,0.710016155088853,0.69569401010344
"[['U3', [0]], ['U3', [1]], ['U3', [0]], ['C(U3)', [0, 3]], ['C(U3)', [1, 0]], ['C(U3)', [0, 3]], ['U3', [3]], ['C(U3)', [0, 2]], ['C(U3)', [0, 1]], ['C(U3)', [0, 3]], ['U3', [3]], ['U3', [0]], ['C(U3)', [3, 2]], ['U3', [0]], ['C(U3)', [3, 2]], ['U3', [0]], ['U3', [2]], ['C(U3)', [1, 3]], ['U3', [3]], ['C(U3)', [2, 3]], ['U3', [3]], ['U3', [3]], ['C(U3)', [1, 2]], ['U3', [0]]]",10,0.998302650840386,0.7063276067358394,0.7180936995153473,0.6988212653355785
"[['U3', [0]], ['U3', [1]], ['U3', [0]], ['C(U3)', [0, 3]], ['C(U3)', [1, 0]], ['C(U3)', [0, 3]], ['U3', [3]], ['C(U3)', [0, 2]], ['C(U3)', [0, 1]], ['C(U3)', [0, 3]], ['U3', [3]], ['U3', [0]], ['C(U3)', [3, 2]], ['U3', [0]], ['C(U3)', [3, 2]], ['U3', [0]], ['U3', [2]], ['C(U3)', [1, 3]], ['U3', [3]], ['C(U3)', [2, 3]], ['U3', [3]], ['U3', [3]], ['C(U3)', [1, 2]], ['U3', [0]]]",11,0.9961113625246546,0.6942081986732438,0.7172859450726979,0.6923261967765215
"[['U3', [0]], ['U3', [1]], ['U3', [0]], ['C(U3)', [0, 3]], ['C(U3)', [1, 0]], ['C(U3)', [0, 3]], ['U3', [3]], ['C(U3)', [0, 2]], ['C(U3)', [0, 1]], ['C(U3)', [0, 3]], ['U3', [3]], ['U3', [0]], ['C(U3)', [3, 2]], ['U3', [0]], ['C(U3)', [3, 2]], ['U3', [0]], ['U3', [2]], ['C(U3)', [1, 3]], ['U3', [3]], ['C(U3)', [2, 3]], ['U3', [3]], ['U3', [3]], ['C(U3)', [1, 2]], ['U3', [0]]]",12,0.995069708513177,0.7012672223167206,0.721324717285945,0.6968968005773394
"[['U3', [0]], ['U3', [1]], ['U3', [0]], ['C(U3)', [0, 3]], ['C(U3)', [1, 0]], ['C(U3)', [0, 3]], ['U3', [3]], ['C(U3)', [0, 2]], ['C(U3)', [0, 1]], ['C(U3)', [0, 3]], ['U3', [3]], ['U3', [0]], ['C(U3)', [3, 2]], ['U3', [0]], ['C(U3)', [3, 2]], ['U3', [0]], ['U3', [2]], ['C(U3)', [1, 3]], ['U3', [3]], ['C(U3)', [2, 3]], ['U3', [3]], ['U3', [3]], ['C(U3)', [1, 2]], ['U3', [0]]]",13,0.9963260966798534,0.6898707263139989,0.7043618739903069,0.6860716863122444
"[['U3', [0]], ['U3', [1]], ['U3', [0]], ['C(U3)', [0, 3]], ['C(U3)', [1, 0]], ['C(U3)', [0, 3]], ['U3', [3]], ['C(U3)', [0, 2]], ['C(U3)', [0, 1]], ['C(U3)', [0, 3]], ['U3', [3]], ['U3', [0]], ['C(U3)', [3, 2]], ['U3', [0]], ['C(U3)', [3, 2]], ['U3', [0]], ['U3', [2]], ['C(U3)', [1, 3]], ['U3', [3]], ['C(U3)', [2, 3]], ['U3', [3]], ['U3', [3]], ['C(U3)', [1, 2]], ['U3', [0]]]",14,0.9946291861326798,0.7007994556897431,0.715670436187399,0.6949723358191003
"[['U3', [1]], ['U3', [3]], ['U3', [1]], ['C(U3)', [2, 1]], ['U3', [3]], ['C(U3)', [1, 0]], ['U3', [0]], ['C(U3)', [3, 1]], ['C(U3)', [3, 2]], ['U3', [3]], ['C(U3)', [0, 3]], ['C(U3)', [3, 0]], ['C(U3)', [0, 3]], ['U3', [0]], ['C(U3)', [3, 0]], ['U3', [0]], ['U3', [1]], ['U3', [0]], ['C(U3)', [3, 2]], ['C(U3)', [1, 0]], ['C(U3)', [2, 1]], ['C(U3)', [1, 0]], ['C(U3)', [0, 3]], ['U3', [3]], ['C(U3)', [3, 0]], ['C(U3)', [0, 2]], ['U3', [1]], ['U3', [0]], ['C(U3)', [3, 2]]]",0,1.0602241637914076,0.7337982650110563,0.7504038772213247,0.7481356747654558
"[['U3', [1]], ['U3', [3]], ['U3', [1]], ['C(U3)', [2, 1]], ['U3', [3]], ['C(U3)', [1, 0]], ['U3', [0]], ['C(U3)', [3, 1]], ['C(U3)', [3, 2]], ['U3', [3]], ['C(U3)', [0, 3]], ['C(U3)', [3, 0]], ['C(U3)', [0, 3]], ['U3', [0]], ['C(U3)', [3, 0]], ['U3', [0]], ['U3', [1]], ['U3', [0]], ['C(U3)', [3, 2]], ['C(U3)', [1, 0]], ['C(U3)', [2, 1]], ['C(U3)', [1, 0]], ['C(U3)', [0, 3]], ['U3', [3]], ['C(U3)', [3, 0]], ['C(U3)', [0, 2]], ['U3', [1]], ['U3', [0]], ['C(U3)', [3, 2]]]",1,0.9987846599972766,0.7565912570164994,0.7657512116316639,0.769545345200866
"[['U3', [1]], ['U3', [3]], ['U3', [1]], ['C(U3)', [2, 1]], ['U3', [3]], ['C(U3)', [1, 0]], ['U3', [0]], ['C(U3)', [3, 1]], ['C(U3)', [3, 2]], ['U3', [3]], ['C(U3)', [0, 3]], ['C(U3)', [3, 0]], ['C(U3)', [0, 3]], ['U3', [0]], ['C(U3)', [3, 0]], ['U3', [0]], ['U3', [1]], ['U3', [0]], ['C(U3)', [3, 2]], ['C(U3)', [1, 0]], ['C(U3)', [2, 1]], ['C(U3)', [1, 0]], ['C(U3)', [0, 3]], ['U3', [3]], ['C(U3)', [3, 0]], ['C(U3)', [0, 2]], ['U3', [1]], ['U3', [0]], ['C(U3)', [3, 2]]]",2,0.9883816248696783,0.7535295118217384,0.7617124394184168,0.7649747414000481
"[['U3', [1]], ['U3', [3]], ['U3', [1]], ['C(U3)', [2, 1]], ['U3', [3]], ['C(U3)', [1, 0]], ['U3', [0]], ['C(U3)', [3, 1]], ['C(U3)', [3, 2]], ['U3', [3]], ['C(U3)', [0, 3]], ['C(U3)', [3, 0]], ['C(U3)', [0, 3]], ['U3', [0]], ['C(U3)', [3, 0]], ['U3', [0]], ['U3', [1]], ['U3', [0]], ['C(U3)', [3, 2]], ['C(U3)', [1, 0]], ['C(U3)', [2, 1]], ['C(U3)', [1, 0]], ['C(U3)', [0, 3]], ['U3', [3]], ['C(U3)', [3, 0]], ['C(U3)', [0, 2]], ['U3', [1]], ['U3', [0]], ['C(U3)', [3, 2]]]",3,0.9846200094274853,0.7423031127742813,0.7495961227786753,0.7515034880923743
"[['U3', [1]], ['U3', [3]], ['U3', [1]], ['C(U3)', [2, 1]], ['U3', [3]], ['C(U3)', [1, 0]], ['U3', [0]], ['C(U3)', [3, 1]], ['C(U3)', [3, 2]], ['U3', [3]], ['C(U3)', [0, 3]], ['C(U3)', [3, 0]], ['C(U3)', [0, 3]], ['U3', [0]], ['C(U3)', [3, 0]], ['U3', [0]], ['U3', [1]], ['U3', [0]], ['C(U3)', [3, 2]], ['C(U3)', [1, 0]], ['C(U3)', [2, 1]], ['C(U3)', [1, 0]], ['C(U3)', [0, 3]], ['U3', [3]], ['C(U3)', [3, 0]], ['C(U3)', [0, 2]], ['U3', [1]], ['U3', [0]], ['C(U3)', [3, 2]]]",4,0.9821463667828104,0.7464279639394454,0.7520193861066236,0.7594419052201107
"[['U3', [1]], ['U3', [3]], ['U3', [1]], ['C(U3)', [2, 1]], ['U3', [3]], ['C(U3)', [1, 0]], ['U3', [0]], ['C(U3)', [3, 1]], ['C(U3)', [3, 2]], ['U3', [3]], ['C(U3)', [0, 3]], ['C(U3)', [3, 0]], ['C(U3)', [0, 3]], ['U3', [0]], ['C(U3)', [3, 0]], ['U3', [0]], ['U3', [1]], ['U3', [0]], ['C(U3)', [3, 2]], ['C(U3)', [1, 0]], ['C(U3)', [2, 1]], ['C(U3)', [1, 0]], ['C(U3)', [0, 3]], ['U3', [3]], ['C(U3)', [3, 0]], ['C(U3)', [0, 2]], ['U3', [1]], ['U3', [0]], ['C(U3)', [3, 2]]]",5,0.9778887610072675,0.7501275727164484,0.7584814216478191,0.7589607890305509
"[['U3', [1]], ['U3', [3]], ['U3', [1]], ['C(U3)', [2, 1]], ['U3', [3]], ['C(U3)', [1, 0]], ['U3', [0]], ['C(U3)', [3, 1]], ['C(U3)', [3, 2]], ['U3', [3]], ['C(U3)', [0, 3]], ['C(U3)', [3, 0]], ['C(U3)', [0, 3]], ['U3', [0]], ['C(U3)', [3, 0]], ['U3', [0]], ['U3', [1]], ['U3', [0]], ['C(U3)', [3, 2]], ['C(U3)', [1, 0]], ['C(U3)', [2, 1]], ['C(U3)', [1, 0]], ['C(U3)', [0, 3]], ['U3', [3]], ['C(U3)', [3, 0]], ['C(U3)', [0, 2]], ['U3', [1]], ['U3', [0]], ['C(U3)', [3, 2]]]",6,0.9738465042217918,0.7625446504507569,0.7754442649434572,0.7777243204233822
"[['U3', [1]], ['U3', [3]], ['U3', [1]], ['C(U3)', [2, 1]], ['U3', [3]], ['C(U3)', [1, 0]], ['U3', [0]], ['C(U3)', [3, 1]], ['C(U3)', [3, 2]], ['U3', [3]], ['C(U3)', [0, 3]], ['C(U3)', [3, 0]], ['C(U3)', [0, 3]], ['U3', [0]], ['C(U3)', [3, 0]], ['U3', [0]], ['U3', [1]], ['U3', [0]], ['C(U3)', [3, 2]], ['C(U3)', [1, 0]], ['C(U3)', [2, 1]], ['C(U3)', [1, 0]], ['C(U3)', [0, 3]], ['U3', [3]], ['C(U3)', [3, 0]], ['C(U3)', [0, 2]], ['U3', [1]], ['U3', [0]], ['C(U3)', [3, 2]]]",7,0.9699122750240824,0.7628423201224698,0.778675282714055,0.7784459947077219
"[['U3', [1]], ['U3', [3]], ['U3', [1]], ['C(U3)', [2, 1]], ['U3', [3]], ['C(U3)', [1, 0]], ['U3', [0]], ['C(U3)', [3, 1]], ['C(U3)', [3, 2]], ['U3', [3]], ['C(U3)', [0, 3]], ['C(U3)', [3, 0]], ['C(U3)', [0, 3]], ['U3', [0]], ['C(U3)', [3, 0]], ['U3', [0]], ['U3', [1]], ['U3', [0]], ['C(U3)', [3, 2]], ['C(U3)', [1, 0]], ['C(U3)', [2, 1]], ['C(U3)', [1, 0]], ['C(U3)', [0, 3]], ['U3', [3]], ['C(U3)', [3, 0]], ['C(U3)', [0, 2]], ['U3', [1]], ['U3', [0]], ['C(U3)', [3, 2]]]",8,0.9646285986122878,0.7676050348698759,0.7819063004846527,0.7854221794563387
"[['U3', [1]], ['U3', [3]], ['U3', [1]], ['C(U3)', [2, 1]], ['U3', [3]], ['C(U3)', [1, 0]], ['U3', [0]], ['C(U3)', [3, 1]], ['C(U3)', [3, 2]], ['U3', [3]], ['C(U3)', [0, 3]], ['C(U3)', [3, 0]], ['C(U3)', [0, 3]], ['U3', [0]], ['C(U3)', [3, 0]], ['U3', [0]], ['U3', [1]], ['U3', [0]], ['C(U3)', [3, 2]], ['C(U3)', [1, 0]], ['C(U3)', [2, 1]], ['C(U3)', [1, 0]], ['C(U3)', [0, 3]], ['U3', [3]], ['C(U3)', [3, 0]], ['C(U3)', [0, 2]], ['U3', [1]], ['U3', [0]], ['C(U3)', [3, 2]]]",9,0.9607435879500016,0.7599931961217894,0.777059773828756,0.7825354823189801
"[['U3', [1]], ['U3', [3]], ['U3', [1]], ['C(U3)', [2, 1]], ['U3', [3]], ['C(U3)', [1, 0]], ['U3', [0]], ['C(U3)', [3, 1]], ['C(U3)', [3, 2]], ['U3', [3]], ['C(U3)', [0, 3]], ['C(U3)', [3, 0]], ['C(U3)', [0, 3]], ['U3', [0]], ['C(U3)', [3, 0]], ['U3', [0]], ['U3', [1]], ['U3', [0]], ['C(U3)', [3, 2]], ['C(U3)', [1, 0]], ['C(U3)', [2, 1]], ['C(U3)', [1, 0]], ['C(U3)', [0, 3]], ['U3', [3]], ['C(U3)', [3, 0]], ['C(U3)', [0, 2]], ['U3', [1]], ['U3', [0]], ['C(U3)', [3, 2]]]",10,0.9599081057569255,0.7728355162442593,0.777059773828756,0.7919172480153958
"[['U3', [1]], ['U3', [3]], ['U3', [1]], ['C(U3)', [2, 1]], ['U3', [3]], ['C(U3)', [1, 0]], ['U3', [0]], ['C(U3)', [3, 1]], ['C(U3)', [3, 2]], ['U3', [3]], ['C(U3)', [0, 3]], ['C(U3)', [3, 0]], ['C(U3)', [0, 3]], ['U3', [0]], ['C(U3)', [3, 0]], ['U3', [0]], ['U3', [1]], ['U3', [0]], ['C(U3)', [3, 2]], ['C(U3)', [1, 0]], ['C(U3)', [2, 1]], ['C(U3)', [1, 0]], ['C(U3)', [0, 3]], ['U3', [3]], ['C(U3)', [3, 0]], ['C(U3)', [0, 2]], ['U3', [1]], ['U3', [0]], ['C(U3)', [3, 2]]]",11,0.9562370602203452,0.7671797924817145,0.7778675282714055,0.7868655280250181
"[['U3', [1]], ['U3', [3]], ['U3', [1]], ['C(U3)', [2, 1]], ['U3', [3]], ['C(U3)', [1, 0]], ['U3', [0]], ['C(U3)', [3, 1]], ['C(U3)', [3, 2]], ['U3', [3]], ['C(U3)', [0, 3]], ['C(U3)', [3, 0]], ['C(U3)', [0, 3]], ['U3', [0]], ['C(U3)', [3, 0]], ['U3', [0]], ['U3', [1]], ['U3', [0]], ['C(U3)', [3, 2]], ['C(U3)', [1, 0]], ['C(U3)', [2, 1]], ['C(U3)', [1, 0]], ['C(U3)', [0, 3]], ['U3', [3]], ['C(U3)', [3, 0]], ['C(U3)', [0, 2]], ['U3', [1]], ['U3', [0]], ['C(U3)', [3, 2]]]",12,0.9549280275469241,0.7738560979758462,0.7778675282714055,0.7950445032475343
"[['U3', [1]], ['U3', [3]], ['U3', [1]], ['C(U3)', [2, 1]], ['U3', [3]], ['C(U3)', [1, 0]], ['U3', [0]], ['C(U3)', [3, 1]], ['C(U3)', [3, 2]], ['U3', [3]], ['C(U3)', [0, 3]], ['C(U3)', [3, 0]], ['C(U3)', [0, 3]], ['U3', [0]], ['C(U3)', [3, 0]], ['U3', [0]], ['U3', [1]], ['U3', [0]], ['C(U3)', [3, 2]], ['C(U3)', [1, 0]], ['C(U3)', [2, 1]], ['C(U3)', [1, 0]], ['C(U3)', [0, 3]], ['U3', [3]], ['C(U3)', [3, 0]], ['C(U3)', [0, 2]], ['U3', [1]], ['U3', [0]], ['C(U3)', [3, 2]]]",13,0.9545459086480348,0.7743663888416398,0.778675282714055,0.7921578061101756
"[['U3', [1]], ['U3', [3]], ['U3', [1]], ['C(U3)', [2, 1]], ['U3', [3]], ['C(U3)', [1, 0]], ['U3', [0]], ['C(U3)', [3, 1]], ['C(U3)', [3, 2]], ['U3', [3]], ['C(U3)', [0, 3]], ['C(U3)', [3, 0]], ['C(U3)', [0, 3]], ['U3', [0]], ['C(U3)', [3, 0]], ['U3', [0]], ['U3', [1]], ['U3', [0]], ['C(U3)', [3, 2]], ['C(U3)', [1, 0]], ['C(U3)', [2, 1]], ['C(U3)', [1, 0]], ['C(U3)', [0, 3]], ['U3', [3]], ['C(U3)', [3, 0]], ['C(U3)', [0, 2]], ['U3', [1]], ['U3', [0]], ['C(U3)', [3, 2]]]",14,0.9541041825128638,0.7778959006633781,0.7827140549273021,0.7960067356266538
"[['U3', [2]], ['U3', [1]], ['U3', [0]], ['U3', [0]], ['C(U3)', [2, 1]], ['U3', [0]], ['U3', [2]], ['U3', [3]], ['U3', [3]], ['U3', [0]], ['U3', [0]], ['U3', [0]], ['U3', [2]], ['C(U3)', [3, 1]], ['C(U3)', [1, 0]], ['C(U3)', [2, 0]], ['C(U3)', [0, 2]], ['U3', [0]], ['C(U3)', [1, 3]], ['U3', [0]], ['U3', [0]], ['U3', [3]], ['U3', [3]], ['C(U3)', [0, 3]]]",0,1.0707286298274994,0.6703521006973975,0.6801292407108239,0.6726004330045706
"[['U3', [2]], ['U3', [1]], ['U3', [0]], ['U3', [0]], ['C(U3)', [2, 1]], ['U3', [0]], ['U3', [2]], ['U3', [3]], ['U3', [3]], ['U3', [0]], ['U3', [0]], ['U3', [0]], ['U3', [2]], ['C(U3)', [3, 1]], ['C(U3)', [1, 0]], ['C(U3)', [2, 0]], ['C(U3)', [0, 2]], ['U3', [0]], ['C(U3)', [1, 3]], ['U3', [0]], ['U3', [0]], ['U3', [3]], ['U3', [3]], ['C(U3)', [0, 3]]]",1,1.0321223839469578,0.698035380166695,0.710016155088853,0.6930478710608612
"[['U3', [2]], ['U3', [1]], ['U3', [0]], ['U3', [0]], ['C(U3)', [2, 1]], ['U3', [0]], ['U3', [2]], ['U3', [3]], ['U3', [3]], ['U3', [0]], ['U3', [0]], ['U3', [0]], ['U3', [2]], ['C(U3)', [3, 1]], ['C(U3)', [1, 0]], ['C(U3)', [2, 0]], ['C(U3)', [0, 2]], ['U3', [0]], ['C(U3)', [1, 3]], ['U3', [0]], ['U3', [0]], ['U3', [3]], ['U3', [3]], ['C(U3)', [0, 3]]]",2,1.02636468021766,0.7002466405851335,0.7205169628432956,0.6968968005773394
"[['U3', [2]], ['U3', [1]], ['U3', [0]], ['U3', [0]], ['C(U3)', [2, 1]], ['U3', [0]], ['U3', [2]], ['U3', [3]], ['U3', [3]], ['U3', [0]], ['U3', [0]], ['U3', [0]], ['U3', [2]], ['C(U3)', [3, 1]], ['C(U3)', [1, 0]], ['C(U3)', [2, 0]], ['C(U3)', [0, 2]], ['U3', [0]], ['C(U3)', [1, 3]], ['U3', [0]], ['U3', [0]], ['U3', [3]], ['U3', [3]], ['C(U3)', [0, 3]]]",3,1.0253878462573756,0.6944208198673244,0.7059773828756059,0.691123406302622
"[['U3', [2]], ['U3', [1]], ['U3', [0]], ['U3', [0]], ['C(U3)', [2, 1]], ['U3', [0]], ['U3', [2]], ['U3', [3]], ['U3', [3]], ['U3', [0]], ['U3', [0]], ['U3', [0]], ['U3', [2]], ['C(U3)', [3, 1]], ['C(U3)', [1, 0]], ['C(U3)', [2, 0]], ['C(U3)', [0, 2]], ['U3', [0]], ['C(U3)', [1, 3]], ['U3', [0]], ['U3', [0]], ['U3', [3]], ['U3', [3]], ['C(U3)', [0, 3]]]",4,1.0235457368518994,0.705477121959517,0.7180936995153473,0.7012268462833774
"[['U3', [2]], ['U3', [1]], ['U3', [0]], ['U3', [0]], ['C(U3)', [2, 1]], ['U3', [0]], ['U3', [2]], ['U3', [3]], ['U3', [3]], ['U3', [0]], ['U3', [0]], ['U3', [0]], ['U3', [2]], ['C(U3)', [3, 1]], ['C(U3)', [1, 0]], ['C(U3)', [2, 0]], ['C(U3)', [0, 2]], ['U3', [0]], ['C(U3)', [1, 3]], ['U3', [0]], ['U3', [0]], ['U3', [3]], ['U3', [3]], ['C(U3)', [0, 3]]]",5,1.023904101356216,0.6873192719850315,0.7043618739903069,0.682463314890546
"[['U3', [2]], ['U3', [1]], ['U3', [0]], ['U3', [0]], ['C(U3)', [2, 1]], ['U3', [0]], ['U3', [2]], ['U3', [3]], ['U3', [3]], ['U3', [0]], ['U3', [0]], ['U3', [0]], ['U3', [2]], ['C(U3)', [3, 1]], ['C(U3)', [1, 0]], ['C(U3)', [2, 0]], ['C(U3)', [0, 2]], ['U3', [0]], ['C(U3)', [1, 3]], ['U3', [0]], ['U3', [0]], ['U3', [3]], ['U3', [3]], ['C(U3)', [0, 3]]]",6,1.0180647172357724,0.6958666439870727,0.7172859450726979,0.6947317777243204
"[['U3', [2]], ['U3', [1]], ['U3', [0]], ['U3', [0]], ['C(U3)', [2, 1]], ['U3', [0]], ['U3', [2]], ['U3', [3]], ['U3', [3]], ['U3', [0]], ['U3', [0]], ['U3', [0]], ['U3', [2]], ['C(U3)', [3, 1]], ['C(U3)', [1, 0]], ['C(U3)', [2, 0]], ['C(U3)', [0, 2]], ['U3', [0]], ['C(U3)', [1, 3]], ['U3', [0]], ['U3', [0]], ['U3', [3]], ['U3', [3]], ['C(U3)', [0, 3]]]",7,1.013352144671523,0.7033083857798945,0.7172859450726979,0.6985807072407987
"[['U3', [2]], ['U3', [1]], ['U3', [0]], ['U3', [0]], ['C(U3)', [2, 1]], ['U3', [0]], ['U3', [2]], ['U3', [3]], ['U3', [3]], ['U3', [0]], ['U3', [0]], ['U3', [0]], ['U3', [2]], ['C(U3)', [3, 1]], ['C(U3)', [1, 0]], ['C(U3)', [2, 0]], ['C(U3)', [0, 2]], ['U3', [0]], ['C(U3)', [1, 3]], ['U3', [0]], ['U3', [0]], ['U3', [3]], ['U3', [3]], ['C(U3)', [0, 3]]]",8,1.0086556472208188,0.693272665419289,0.7124394184168013,0.6925667548713014
"[['U3', [2]], ['U3', [1]], ['U3', [0]], ['U3', [0]], ['C(U3)', [2, 1]], ['U3', [0]], ['U3', [2]], ['U3', [3]], ['U3', [3]], ['U3', [0]], ['U3', [0]], ['U3', [0]], ['U3', [2]], ['C(U3)', [3, 1]], ['C(U3)', [1, 0]], ['C(U3)', [2, 0]], ['C(U3)', [0, 2]], ['U3', [0]], ['C(U3)', [1, 3]], ['U3', [0]], ['U3', [0]], ['U3', [3]], ['U3', [3]], ['C(U3)', [0, 3]]]",9,1.0061053685520007,0.7202755570675284,0.7269789983844911,0.7178253548231898
"[['U3', [2]], ['U3', [1]], ['U3', [0]], ['U3', [0]], ['C(U3)', [2, 1]], ['U3', [0]], ['U3', [2]], ['U3', [3]], ['U3', [3]], ['U3', [0]], ['U3', [0]], ['U3', [0]], ['U3', [2]], ['C(U3)', [3, 1]], ['C(U3)', [1, 0]], ['C(U3)', [2, 0]], ['C(U3)', [0, 2]], ['U3', [0]], ['C(U3)', [1, 3]], ['U3', [0]], ['U3', [0]], ['U3', [3]], ['U3', [3]], ['C(U3)', [0, 3]]]",10,0.9979022475688354,0.704839258377275,0.7116316639741519,0.7036324272311764
"[['U3', [2]], ['U3', [1]], ['U3', [0]], ['U3', [0]], ['C(U3)', [2, 1]], ['U3', [0]], ['U3', [2]], ['U3', [3]], ['U3', [3]], ['U3', [0]], ['U3', [0]], ['U3', [0]], ['U3', [2]], ['C(U3)', [3, 1]], ['C(U3)', [1, 0]], ['C(U3)', [2, 0]], ['C(U3)', [0, 2]], ['U3', [0]], ['C(U3)', [1, 3]], ['U3', [0]], ['U3', [0]], ['U3', [3]], ['U3', [3]], ['C(U3)', [0, 3]]]",11,0.9951115632834642,0.7097295458411295,0.7197092084006462,0.7077219148424344
"[['U3', [2]], ['U3', [1]], ['U3', [0]], ['U3', [0]], ['C(U3)', [2, 1]], ['U3', [0]], ['U3', [2]], ['U3', [3]], ['U3', [3]], ['U3', [0]], ['U3', [0]], ['U3', [0]], ['U3', [2]], ['C(U3)', [3, 1]], ['C(U3)', [1, 0]], ['C(U3)', [2, 0]], ['C(U3)', [0, 2]], ['U3', [0]], ['C(U3)', [1, 3]], ['U3', [0]], ['U3', [0]], ['U3', [3]], ['U3', [3]], ['C(U3)', [0, 3]]]",12,0.9939781414425891,0.7091342064977036,0.7237479806138933,0.7089247053163339
"[['U3', [2]], ['U3', [1]], ['U3', [0]], ['U3', [0]], ['C(U3)', [2, 1]], ['U3', [0]], ['U3', [2]], ['U3', [3]], ['U3', [3]], ['U3', [0]], ['U3', [0]], ['U3', [0]], ['U3', [2]], ['C(U3)', [3, 1]], ['C(U3)', [1, 0]], ['C(U3)', [2, 0]], ['C(U3)', [0, 2]], ['U3', [0]], ['C(U3)', [1, 3]], ['U3', [0]], ['U3', [0]], ['U3', [3]], ['U3', [3]], ['C(U3)', [0, 3]]]",13,0.9931840779988662,0.7073481884674264,0.722940226171244,0.7033918691363964
"[['U3', [2]], ['U3', [1]], ['U3', [0]], ['U3', [0]], ['C(U3)', [2, 1]], ['U3', [0]], ['U3', [2]], ['U3', [3]], ['U3', [3]], ['U3', [0]], ['U3', [0]], ['U3', [0]], ['U3', [2]], ['C(U3)', [3, 1]], ['C(U3)', [1, 0]], ['C(U3)', [2, 0]], ['C(U3)', [0, 2]], ['U3', [0]], ['C(U3)', [1, 3]], ['U3', [0]], ['U3', [0]], ['U3', [3]], ['U3', [3]], ['C(U3)', [0, 3]]]",14,0.9916559289331022,0.7131314849464194,0.7237479806138933,0.7103680538850132
"[['U3', [0]], ['U3', [3]], ['U3', [0]], ['C(U3)', [2, 0]], ['U3', [0]], ['U3', [0]], ['U3', [3]], ['C(U3)', [3, 2]], ['U3', [2]], ['U3', [0]], ['C(U3)', [1, 3]], ['U3', [1]], ['U3', [3]], ['U3', [0]], ['U3', [2]], ['U3', [2]], ['U3', [3]], ['C(U3)', [1, 0]], ['U3', [0]], ['U3', [3]], ['C(U3)', [1, 3]]]",0,1.086870295845944,0.6659721040993366,0.6801292407108239,0.6610536444551359
"[['U3', [0]], ['U3', [3]], ['U3', [0]], ['C(U3)', [2, 0]], ['U3', [0]], ['U3', [0]], ['U3', [3]], ['C(U3)', [3, 2]], ['U3', [2]], ['U3', [0]], ['C(U3)', [1, 3]], ['U3', [1]], ['U3', [3]], ['U3', [0]], ['U3', [2]], ['U3', [2]], ['U3', [3]], ['C(U3)', [1, 0]], ['U3', [0]], ['U3', [3]], ['C(U3)', [1, 3]]]",1,1.0537575522194738,0.6702670522197652,0.6930533117932148,0.6620158768342554
"[['U3', [0]], ['U3', [3]], ['U3', [0]], ['C(U3)', [2, 0]], ['U3', [0]], ['U3', [0]], ['U3', [3]], ['C(U3)', [3, 2]], ['U3', [2]], ['U3', [0]], ['C(U3)', [1, 3]], ['U3', [1]], ['U3', [3]], ['U3', [0]], ['U3', [2]], ['U3', [2]], ['U3', [3]], ['C(U3)', [1, 0]], ['U3', [0]], ['U3', [3]], ['C(U3)', [1, 3]]]",2,1.0368724024814109,0.6935278108521857,0.715670436187399,0.6839066634592254
"[['U3', [0]], ['U3', [3]], ['U3', [0]], ['C(U3)', [2, 0]], ['U3', [0]], ['U3', [0]], ['U3', [3]], ['C(U3)', [3, 2]], ['U3', [2]], ['U3', [0]], ['C(U3)', [1, 3]], ['U3', [1]], ['U3', [3]], ['U3', [0]], ['U3', [2]], ['U3', [2]], ['U3', [3]], ['C(U3)', [1, 0]], ['U3', [0]], ['U3', [3]], ['C(U3)', [1, 3]]]",3,1.028023722379104,0.6982905255995918,0.7148626817447497,0.6882367091652634
"[['U3', [0]], ['U3', [3]], ['U3', [0]], ['C(U3)', [2, 0]], ['U3', [0]], ['U3', [0]], ['U3', [3]], ['C(U3)', [3, 2]], ['U3', [2]], ['U3', [0]], ['C(U3)', [1, 3]], ['U3', [1]], ['U3', [3]], ['U3', [0]], ['U3', [2]], ['U3', [2]], ['U3', [3]], ['C(U3)', [1, 0]], ['U3', [0]], ['U3', [3]], ['C(U3)', [1, 3]]]",4,1.0227659474248472,0.7013522707943528,0.7294022617124394,0.6908828482078422
"[['U3', [0]], ['U3', [3]], ['U3', [0]], ['C(U3)', [2, 0]], ['U3', [0]], ['U3', [0]], ['U3', [3]], ['C(U3)', [3, 2]], ['U3', [2]], ['U3', [0]], ['C(U3)', [1, 3]], ['U3', [1]], ['U3', [3]], ['U3', [0]], ['U3', [2]], ['U3', [2]], ['U3', [3]], ['C(U3)', [1, 0]], ['U3', [0]], ['U3', [3]], ['C(U3)', [1, 3]]]",5,1.0208676574022875,0.7087940125871747,0.7302100161550888,0.7017079624729372
"[['U3', [0]], ['U3', [3]], ['U3', [0]], ['C(U3)', [2, 0]], ['U3', [0]], ['U3', [0]], ['U3', [3]], ['C(U3)', [3, 2]], ['U3', [2]], ['U3', [0]], ['C(U3)', [1, 3]], ['U3', [1]], ['U3', [3]], ['U3', [0]], ['U3', [2]], ['U3', [2]], ['U3', [3]], ['C(U3)', [1, 0]], ['U3', [0]], ['U3', [3]], ['C(U3)', [1, 3]]]",6,1.0213514663602994,0.7090491580200714,0.7302100161550888,0.704354101515516
"[['U3', [0]], ['U3', [3]], ['U3', [0]], ['C(U3)', [2, 0]], ['U3', [0]], ['U3', [0]], ['U3', [3]], ['C(U3)', [3, 2]], ['U3', [2]], ['U3', [0]], ['C(U3)', [1, 3]], ['U3', [1]], ['U3', [3]], ['U3', [0]], ['U3', [2]], ['U3', [2]], ['U3', [3]], ['C(U3)', [1, 0]], ['U3', [0]], ['U3', [3]], ['C(U3)', [1, 3]]]",7,1.0188158122093782,0.7038612008845042,0.722940226171244,0.6949723358191003
"[['U3', [0]], ['U3', [3]], ['U3', [0]], ['C(U3)', [2, 0]], ['U3', [0]], ['U3', [0]], ['U3', [3]], ['C(U3)', [3, 2]], ['U3', [2]], ['U3', [0]], ['C(U3)', [1, 3]], ['U3', [1]], ['U3', [3]], ['U3', [0]], ['U3', [2]], ['U3', [2]], ['U3', [3]], ['C(U3)', [1, 0]], ['U3', [0]], ['U3', [3]], ['C(U3)', [1, 3]]]",8,1.0193878658439801,0.7080711005273006,0.7261712439418416,0.7007457300938177
"[['U3', [0]], ['U3', [3]], ['U3', [0]], ['C(U3)', [2, 0]], ['U3', [0]], ['U3', [0]], ['U3', [3]], ['C(U3)', [3, 2]], ['U3', [2]], ['U3', [0]], ['C(U3)', [1, 3]], ['U3', [1]], ['U3', [3]], ['U3', [0]], ['U3', [2]], ['U3', [2]], ['U3', [3]], ['C(U3)', [1, 0]], ['U3', [0]], ['U3', [3]], ['C(U3)', [1, 3]]]",9,1.0194670246995015,0.7025004252423882,0.722940226171244,0.6993023815251384
"[['U3', [0]], ['U3', [3]], ['U3', [0]], ['C(U3)', [2, 0]], ['U3', [0]], ['U3', [0]], ['U3', [3]], ['C(U3)', [3, 2]], ['U3', [2]], ['U3', [0]], ['C(U3)', [1, 3]], ['U3', [1]], ['U3', [3]], ['U3', [0]], ['U3', [2]], ['U3', [2]], ['U3', [3]], ['C(U3)', [1, 0]], ['U3', [0]], ['U3', [3]], ['C(U3)', [1, 3]]]",10,1.0185548727927,0.7049668310937234,0.7261712439418416,0.697618474861679
"[['U3', [0]], ['U3', [3]], ['U3', [0]], ['C(U3)', [2, 0]], ['U3', [0]], ['U3', [0]], ['U3', [3]], ['C(U3)', [3, 2]], ['U3', [2]], ['U3', [0]], ['C(U3)', [1, 3]], ['U3', [1]], ['U3', [3]], ['U3', [0]], ['U3', [2]], ['U3', [2]], ['U3', [3]], ['C(U3)', [1, 0]], ['U3', [0]], ['U3', [3]], ['C(U3)', [1, 3]]]",11,1.0188315381174502,0.699396155808811,0.7180936995153473,0.6964156843877797
"[['U3', [0]], ['U3', [3]], ['U3', [0]], ['C(U3)', [2, 0]], ['U3', [0]], ['U3', [0]], ['U3', [3]], ['C(U3)', [3, 2]], ['U3', [2]], ['U3', [0]], ['C(U3)', [1, 3]], ['U3', [1]], ['U3', [3]], ['U3', [0]], ['U3', [2]], ['U3', [2]], ['U3', [3]], ['C(U3)', [1, 0]], ['U3', [0]], ['U3', [3]], ['C(U3)', [1, 3]]]",12,1.020958557077076,0.6982480013607757,0.7310177705977383,0.689198941544383
"[['U3', [0]], ['U3', [3]], ['U3', [0]], ['C(U3)', [2, 0]], ['U3', [0]], ['U3', [0]], ['U3', [3]], ['C(U3)', [3, 2]], ['U3', [2]], ['U3', [0]], ['C(U3)', [1, 3]], ['U3', [1]], ['U3', [3]], ['U3', [0]], ['U3', [2]], ['U3', [2]], ['U3', [3]], ['C(U3)', [1, 0]], ['U3', [0]], ['U3', [3]], ['C(U3)', [1, 3]]]",13,1.0188254415988922,0.6999914951522368,0.721324717285945,0.6973779167668992
"[['U3', [0]], ['U3', [3]], ['U3', [0]], ['C(U3)', [2, 0]], ['U3', [0]], ['U3', [0]], ['U3', [3]], ['C(U3)', [3, 2]], ['U3', [2]], ['U3', [0]], ['C(U3)', [1, 3]], ['U3', [1]], ['U3', [3]], ['U3', [0]], ['U3', [2]], ['U3', [2]], ['U3', [3]], ['C(U3)', [1, 0]], ['U3', [0]], ['U3', [3]], ['C(U3)', [1, 3]]]",14,1.0188817945511446,0.7086664398707263,0.7294022617124394,0.7041135434207361
